Workbook

Sheet 舰船数据-未改
A1: cid | B1: 舰种 | C1: 名称 | D1: 国籍 | E1: 耐久 | F1: 火力 | G1: 鱼雷 | H1: 装甲 | I1: 对空 | J1: 对潜 | K1: 命中 | L1: 回避 | M1: 索敌 | N1: 航速 | O1: 射程 | P1: 幸运 | Q1: 装备栏 | R1: 总搭载 | S1: 搭载1 | T1: 搭载2 | U1: 搭载3 | V1: 搭载4 | W1: 补给油耗 | X1: 补给弹耗 | Y1: 修理油耗 | Z1: 修理钢耗 | AA1: 技能1 | AB1: 技能2 | AC1: 标签
A2: 10022 | B2: CV | C2: 赤城 | D2: J | E2: 69 | F2: 40 | G2: 0 | H2: 55 | I2: 57 | J2: 0 | K2: 96 | L2: 52 | M2: 73 | N2: 31.2 | O2: 1 | P2: 10 | Q2: 4 | R2: =SUM($S2:$V2) -> 76 | S2: 21 | T2: 18 | U2: 27 | V2: 10 | W2: 60 | X2: 55 | Y2: 2.4 | Z2: 4.5
A3: 10023 | B3: CV | C3: 加贺 | D3: J | E3: 71 | F3: 40 | G3: 0 | H3: 62 | I3: 62 | J3: 0 | K3: 96 | L3: 48 | M3: 70 | N3: 28 | O3: 1 | P3: 13 | Q3: 4 | R3: =SUM($S3:$V3) -> 90 | S3: 17 | T3: 18 | U3: 43 | V3: 12 | W3: 60 | X3: 55 | Y3: 2.56 | Z3: 4.8
A4: 10029 | B4: CV | C4: 列克星敦 | D4: U | E4: 63 | F4: 35 | G4: 0 | H4: 65 | I4: 67 | J4: 0 | K4: 95 | L4: 52 | M4: 69 | N4: 33.2 | O4: 1 | P4: 20 | Q4: 4 | R4: =SUM($S4:$V4) -> 80 | S4: 20 | T4: 20 | U4: 30 | V4: 10 | W4: 55 | X4: 60 | Y4: 2.08 | Z4: 3.9
A5: 10030 | B5: CV | C5: 萨拉托加 | D5: U | E5: 63 | F5: 35 | G5: 0 | H5: 65 | I5: 85 | J5: 0 | K5: 95 | L5: 52 | M5: 69 | N5: 33.2 | O5: 1 | P5: 22 | Q5: 4 | R5: =SUM($S5:$V5) -> 80 | S5: 20 | T5: 20 | U5: 30 | V5: 10 | W5: 55 | X5: 60 | Y5: 2.08 | Z5: 3.9
A6: 10031 | B6: CV | C6: 大黄蜂 | D6: U | E6: 52 | F6: 40 | G6: 0 | H6: 57 | I6: 72 | J6: 0 | K6: 95 | L6: 52 | M6: 65 | N6: 32.5 | O6: 1 | P6: 10 | Q6: 4 | R6: =SUM($S6:$V6) -> 75 | S6: 21 | T6: 21 | U6: 23 | V6: 10 | W6: 55 | X6: 60 | Y6: 2.08 | Z6: 3.9
A7: 10100 | B7: BB | C7: 狮 | D7: E | E7: 81 | F7: 110 | G7: 0 | H7: 105 | I7: 85 | J7: 0 | K7: 97 | L7: 50 | M7: 42 | N7: 28.25 | O7: 3 | P7: 10 | Q7: 4 | R7: =SUM($S7:$V7) -> 8 | S7: 2 | T7: 2 | U7: 2 | V7: 2 | W7: 125 | X7: 175 | Y7: 4.8 | Z7: 9 | AA7: 111001 | AC7: lion
A8: 10105 | B8: BB | C8: 前卫 | D8: E | E8: 85 | F8: 90 | G8: 0 | H8: 96 | I8: 105 | J8: 0 | K8: 96 | L8: 49 | M8: 45 | N8: 30 | O8: 3 | P8: 15 | Q8: 4 | R8: =SUM($S8:$V8) -> 0 | S8: 0 | T8: 0 | U8: 0 | V8: 0 | W8: 90 | X8: 140 | Y8: 4.2 | Z8: 8 | AA8: 111052
A9: 10113 | B9: BB | C9: 黎塞留 | D9: F | E9: 78 | F9: 96 | G9: 0 | H9: 102 | I9: 60 | J9: 0 | K9: 96 | L9: 51 | M9: 40 | N9: 32 | O9: 3 | P9: 23 | Q9: 4 | R9: =SUM($S9:$V9) -> 12 | S9: 3 | T9: 3 | U9: 3 | V9: 3 | W9: 90 | X9: 130 | Y9: 4.2 | Z9: 8 | AA9: 111131
A10: 10117 | B10: AV | C10: 大凤 | D10: J | E10: 67 | F10: 40 | G10: 0 | H10: 85 | I10: 70 | J10: 0 | K10: 85 | L10: 57 | M10: 72 | N10: 33 | O10: 1 | P10: 5 | Q10: 4 | R10: =SUM($S10:$V10) -> 60 | S10: 18 | T10: 24 | U10: 12 | V10: 6 | W10: 70 | X10: 65 | Y10: 2.88 | Z10: 5.4 | AA10: 111171
A11: 10118 | B11: CV | C11: 齐柏林伯爵 | D11: G | E11: 52 | F11: 35 | G11: 0 | H11: 58 | I11: 66 | J11: 0 | K11: 95 | L11: 54 | M11: 65 | N11: 35 | O11: 1 | P11: 6 | Q11: 4 | R11: =SUM($S11:$V11) -> 48 | S11: 12 | T11: 15 | U11: 15 | V11: 6 | W11: 50 | X11: 55 | Y11: 2.08 | Z11: 4.3
A12: 10119 | B12: CV | C12: 皇家方舟 | D12: E | E12: 48 | F12: 40 | G12: 0 | H12: 61 | I12: 77 | J12: 0 | K12: 96 | L12: 51 | M12: 67 | N12: 31 | O12: 1 | P12: 15 | Q12: 4 | R12: =SUM($S12:$V12) -> 72 | S12: 18 | T12: 18 | U12: 24 | V12: 12 | W12: 50 | X12: 60 | Y12: 2.08 | Z12: 3.9 | AA12: 101191
A13: 10120 | B13: CV | C13: 约克城 | D13: U | E13: 50 | F13: 40 | G13: 0 | H13: 55 | I13: 68 | J13: 0 | K13: 95 | L13: 52 | M13: 65 | N13: 32.5 | O13: 1 | P13: 12 | Q13: 4 | R13: =SUM($S13:$V13) -> 75 | S13: 21 | T13: 21 | U13: 23 | V13: 10 | W13: 55 | X13: 60 | Y13: 2.08 | Z13: 3.9
A14: 10121 | B14: CV | C14: 企业 | D14: U | E14: 50 | F14: 45 | G14: 0 | H14: 55 | I14: 70 | J14: 0 | K14: 96 | L14: 52 | M14: 73 | N14: 32.5 | O14: 1 | P14: 55 | Q14: 4 | R14: =SUM($S14:$V14) -> 75 | S14: 21 | T14: 21 | U14: 23 | V14: 10 | W14: 55 | X14: 60 | Y14: 2.08 | Z14: 3.9 | AA14: 111211
A15: 10189 | B15: BC | C15: 天城 | D15: J | E15: 80 | F15: 115 | G15: 0 | H15: 90 | I15: 50 | J15: 0 | K15: 96 | L15: 49 | M15: 42 | N15: 30 | O15: 3 | P15: 6 | Q15: 4 | R15: =SUM($S15:$V15) -> 0 | S15: 0 | T15: 0 | U15: 0 | V15: 0 | W15: 100 | X15: 130 | Y15: 3.2 | Z15: 5.8 | AA15: 101891
A16: 10190 | B16: BB | C16: 土佐 | D16: J | E16: 80 | F16: 115 | G16: 0 | H16: 93 | I16: 51 | J16: 0 | K16: 96 | L16: 44 | M16: 42 | N16: 26.5 | O16: 3 | P16: 7 | Q16: 4 | R16: =SUM($S16:$V16) -> 0 | S16: 0 | T16: 0 | U16: 0 | V16: 0 | W16: 100 | X16: 130 | Y16: 3.2 | Z16: 5.8 | AA16: 101901
A17: 10191 | B17: BB | C17: A150 | D17: J | E17: 104 | F17: 128 | G17: 0 | H17: 120 | I17: 73 | J17: 0 | K17: 100 | L17: 44 | M17: 45 | N17: 28 | O17: 3 | P17: 5 | Q17: 4 | R17: =SUM($S17:$V17) -> 0 | S17: 0 | T17: 0 | U17: 0 | V17: 0 | W17: 170 | X17: 200 | Y17: 6 | Z17: 11 | AA17: 101911
A18: 10200 | B18: BB | C18: 兴登堡 | D18: G | E18: 100 | F18: 109 | G18: 0 | H18: 100 | I18: 66 | J18: 0 | K18: 97 | L18: 48 | M18: 43 | N18: 30 | O18: 3 | P18: 5 | Q18: 4 | R18: =SUM($S18:$V18) -> 16 | S18: 4 | T18: 4 | U18: 4 | V18: 4 | W18: 125 | X18: 165 | Y18: 4.8 | Z18: 9.9 | AA18: 102001
A19: 10201 | B19: BB | C19: V方案 | D19: Ar | E19: 76 | F19: 112 | G19: 0 | H19: 92 | I19: 55 | J19: 0 | K19: 100 | L19: 48 | M19: 38 | N19: 24 | O19: 3 | P19: 5 | Q19: 4 | R19: =SUM($S19:$V19) -> 0 | S19: 0 | T19: 0 | U19: 0 | V19: 0 | W19: 85 | X19: 130 | Y19: 4.1 | Z19: 8 | AA19: 102011
A20: 10202 | B20: BB | C20: 伊利诺伊 | D20: U | E20: 84 | F20: 116 | G20: 0 | H20: 106 | I20: 110 | J20: 0 | K20: 102 | L20: 52 | M20: 49 | N20: 33 | O20: 3 | P20: 6 | Q20: 4 | R20: =SUM($S20:$V20) -> 12 | S20: 3 | T20: 3 | U20: 3 | V20: 3 | W20: 135 | X20: 175 | Y20: 4.8 | Z20: 9 | AA20: 102021 | AC20: iowa
A21: 10205 | B21: BB | C21: 约克公爵 | D21: E | E21: 74 | F21: 95 | G21: 0 | H21: 95 | I21: 85 | J21: 0 | K21: 96 | L21: 48 | M21: 42 | N21: 29 | O21: 3 | P21: 18 | Q21: 4 | R21: =SUM($S21:$V21) -> 16 | S21: 4 | T21: 4 | U21: 4 | V21: 4 | W21: 90 | X21: 140 | Y21: 4.2 | Z21: 8 | AA21: 102051
A22: 10206 | B22: BB | C22: 北卡罗来纳 | D22: U | E22: 74 | F22: 108 | G22: 0 | H22: 92 | I22: 90 | J22: 0 | K22: 96 | L22: 47 | M22: 45 | N22: 28 | O22: 3 | P22: 25 | Q22: 4 | R22: =SUM($S22:$V22) -> 12 | S22: 3 | T22: 3 | U22: 3 | V22: 3 | W22: 95 | X22: 140 | Y22: 4.2 | Z22: 8 | AA22: 112061
A23: 10207 | B23: BB | C23: 南达科他 | D23: U | E23: 75 | F23: 108 | G23: 0 | H23: 100 | I23: 93 | J23: 0 | K23: 96 | L23: 46 | M23: 44 | N23: 27.5 | O23: 3 | P23: 13 | Q23: 4 | R23: =SUM($S23:$V23) -> 12 | S23: 3 | T23: 3 | U23: 3 | V23: 3 | W23: 95 | X23: 140 | Y23: 4.2 | Z23: 8 | AA23: 112071 | AC23: south_dakota
A24: 10208 | B24: BB | C24: 马萨诸塞 | D24: U | E24: 75 | F24: 108 | G24: 0 | H24: 100 | I24: 96 | J24: 0 | K24: 96 | L24: 46 | M24: 44 | N24: 27.5 | O24: 3 | P24: 24 | Q24: 4 | R24: =SUM($S24:$V24) -> 12 | S24: 3 | T24: 3 | U24: 3 | V24: 3 | W24: 95 | X24: 140 | Y24: 4.2 | Z24: 8 | AA24: 102081 | AC24: south_dakota
A25: 10209 | B25: BB | C25: 密苏里 | D25: U | E25: 84 | F25: 116 | G25: 0 | H25: 102 | I25: 108 | J25: 0 | K25: 102 | L25: 52 | M25: 47 | N25: 33 | O25: 3 | P25: 24 | Q25: 4 | R25: =SUM($S25:$V25) -> 12 | S25: 3 | T25: 3 | U25: 3 | V25: 3 | W25: 135 | X25: 175 | Y25: 4.8 | Z25: 9 | AA25: 102091 | AC25: iowa
A26: 10210 | B26: BB | C26: 衣阿华 | D26: U | E26: 84 | F26: 116 | G26: 0 | H26: 102 | I26: 106 | J26: 0 | K26: 102 | L26: 52 | M26: 45 | N26: 33 | O26: 3 | P26: 24 | Q26: 4 | R26: =SUM($S26:$V26) -> 12 | S26: 3 | T26: 3 | U26: 3 | V26: 3 | W26: 135 | X26: 175 | Y26: 4.8 | Z26: 9 | AA26: 102101 | AC26: iowa
A27: 10212 | B27: BB | C27: 利托里奥 | D27: I | E27: 75 | F27: 101 | G27: 0 | H27: 98 | I27: 63 | J27: 0 | K27: 96 | L27: 50 | M27: 41 | N27: 31 | O27: 3 | P27: 17 | Q27: 4 | R27: =SUM($S27:$V27) -> 12 | S27: 3 | T27: 3 | U27: 3 | V27: 3 | W27: 90 | X27: 130 | Y27: 4.2 | Z27: 8 | AA27: 102121 | AC27: veneto
A28: 10213 | B28: BB | C28: 罗马 | D28: I | E28: 75 | F28: 101 | G28: 0 | H28: 98 | I28: 65 | J28: 0 | K28: 96 | L28: 50 | M28: 41 | N28: 31 | O28: 3 | P28: 10 | Q28: 4 | R28: =SUM($S28:$V28) -> 12 | S28: 3 | T28: 3 | U28: 3 | V28: 3 | W28: 90 | X28: 130 | Y28: 4.2 | Z28: 8 | AA28: 102131 | AC28: veneto
A29: 10214 | B29: BB | C29: 苏联 | D29: S | E29: 92 | F29: 111 | G29: 0 | H29: 97 | I29: 67 | J29: 0 | K29: 96 | L29: 51 | M29: 38 | N29: 28 | O29: 3 | P29: 8 | Q29: 4 | R29: =SUM($S29:$V29) -> 16 | S29: 4 | T29: 4 | U29: 4 | V29: 4 | W29: 125 | X29: 165 | Y29: 4.8 | Z29: 9 | AA29: 102141
A30: 10219 | B30: CV | C30: 瑞鹤 | D30: J | E30: 62 | F30: 40 | G30: 0 | H30: 56 | I30: 66 | J30: 0 | K30: 96 | L30: 62 | M30: 73 | N30: 34.2 | O30: 1 | P30: 40 | Q30: 4 | R30: =SUM($S30:$V30) -> 78 | S30: 19 | T30: 26 | U30: 21 | V30: 12 | W30: 60 | X30: 55 | Y30: 2.4 | Z30: 4.5
A31: 10220 | B31: CV | C31: 翔鹤 | D31: J | E31: 62 | F31: 40 | G31: 0 | H31: 56 | I31: 66 | J31: 0 | K31: 96 | L31: 57 | M31: 73 | N31: 34.2 | O31: 1 | P31: 10 | Q31: 4 | R31: =SUM($S31:$V31) -> 78 | S31: 19 | T31: 26 | U31: 21 | V31: 12 | W31: 60 | X31: 55 | Y31: 2.4 | Z31: 4.5
A32: 10221 | B32: CV | C32: 飞龙 | D32: J | E32: 48 | F32: 40 | G32: 0 | H32: 52 | I32: 60 | J32: 0 | K32: 95 | L32: 57 | M32: 65 | N32: 34.5 | O32: 1 | P32: 13 | Q32: 4 | R32: =SUM($S32:$V32) -> 63 | S32: 21 | T32: 18 | U32: 18 | V32: 6 | W32: 60 | X32: 55 | Y32: 2.4 | Z32: 4.5
A33: 10222 | B33: CV | C33: 苍龙 | D33: J | E33: 46 | F33: 35 | G33: 0 | H33: 50 | I33: 55 | J33: 0 | K33: 95 | L33: 57 | M33: 69 | N33: 34.5 | O33: 1 | P33: 10 | Q33: 4 | R33: =SUM($S33:$V33) -> 63 | S33: 21 | T33: 18 | U33: 18 | V33: 6 | W33: 60 | X33: 55 | Y33: 2.4 | Z33: 4.5
A34: 10223 | B34: AV | C34: 信浓 | D34: J | E34: 96 | F34: 45 | G34: 0 | H34: 105 | I34: 68 | J34: 0 | K34: 86 | L34: 47 | M34: 74 | N34: 27 | O34: 1 | P34: 1 | Q34: 4 | R34: =SUM($S34:$V34) -> 59 | S34: 12 | T34: 12 | U34: 35 | V34: 0 | W34: 110 | X34: 100 | Y34: 3.5 | Z34: 6 | AA34: 112231
A35: 10224 | B35: AV | C35: 可畏 | D35: E | E35: 66 | F35: 40 | G35: 0 | H35: 93 | I35: 85 | J35: 0 | K35: 85 | L35: 56 | M35: 69 | N35: 30.5 | O35: 1 | P35: 22 | Q35: 4 | R35: =SUM($S35:$V35) -> 57 | S35: 10 | T35: 24 | U35: 15 | V35: 8 | W35: 70 | X35: 65 | Y35: 2.88 | Z35: 5.6 | AA35: 102241
A36: 10225 | B36: CV | C36: 黄蜂 | D36: U | E36: 37 | F36: 35 | G36: 0 | H36: 45 | I36: 65 | J36: 0 | K36: 95 | L36: 49 | M36: 67 | N36: 29.5 | O36: 1 | P36: 9 | Q36: 4 | R36: =SUM($S36:$V36) -> 70 | S36: 15 | T36: 15 | U36: 25 | V36: 15 | W36: 55 | X36: 60 | Y36: 2.08 | Z36: 3.9
A37: 10226 | B37: CV | C37: 埃塞克斯 | D37: U | E37: 60 | F37: 40 | G37: 0 | H37: 60 | I37: 90 | J37: 0 | K37: 96 | L37: 52 | M37: 77 | N37: 33 | O37: 1 | P37: 20 | Q37: 4 | R37: =SUM($S37:$V37) -> 90 | S37: 18 | T37: 18 | U37: 36 | V37: 18 | W37: 60 | X37: 60 | Y37: 2.4 | Z37: 4.5 | AA37: 102261 | AC37: essex
A38: 10231 | B38: CV | C38: 伦道夫 | D38: U | E38: 60 | F38: 40 | G38: 0 | H38: 60 | I38: 92 | J38: 0 | K38: 96 | L38: 52 | M38: 77 | N38: 33 | O38: 1 | P38: 20 | Q38: 4 | R38: =SUM($S38:$V38) -> 90 | S38: 18 | T38: 18 | U38: 36 | V38: 18 | W38: 60 | X38: 60 | Y38: 2.4 | Z38: 4.5 | AA38: 102311 | AC38: essex
A39: 10232 | B39: CV | C39: 贝亚恩 | D39: F | E39: 62 | F39: 35 | G39: 0 | H39: 59 | I39: 59 | J39: 0 | K39: 94 | L39: 41 | M39: 59 | N39: 21.5 | O39: 1 | P39: 16 | Q39: 4 | R39: =SUM($S39:$V39) -> 40 | S39: 12 | T39: 12 | U39: 12 | V39: 4 | W39: 50 | X39: 55 | Y39: 2.08 | Z39: 3.9
A40: 10241 | B40: CA | C40: 巴尔的摩 | D40: U | E40: 52 | F40: 68 | G40: 0 | H40: 56 | I40: 90 | J40: 0 | K40: 93 | L40: 75 | M40: 56 | N40: 33 | O40: 2 | P40: 17 | Q40: 3 | R40: =SUM($S40:$V40) -> 6 | S40: 2 | T40: 2 | U40: 2 | V40: 0 | W40: 40 | X40: 70 | Y40: 1.28 | Z40: 2.4 | AA40: 112411
A41: 10243 | B41: CA | C41: 德梅因 | D41: U | E41: 52 | F41: 83 | G41: 0 | H41: 58 | I41: 108 | J41: 0 | K41: 94 | L41: 75 | M41: 56 | N41: 33 | O41: 2 | P41: 11 | Q41: 3 | R41: =SUM($S41:$V41) -> 9 | S41: 3 | T41: 3 | U41: 3 | V41: 0 | W41: 40 | X41: 70 | Y41: 1.28 | Z41: 2.4 | AA41: 102431
A42: 10282 | B42: SS | C42: 潜甲 | D42: C | E42: 8 | F42: 21 | G42: 61 | H42: 20 | I42: 0 | J42: 0 | K42: 95 | L42: 42 | M42: 45 | N42: 13 | O42: 1 | P42: 1 | Q42: 2 | R42: =SUM($S42:$V42) -> 0 | S42: 0 | T42: 0 | U42: 0 | V42: 0 | W42: 10 | X42: 15 | Y42: 0.445 | Z42: 0.4
A43: 10283 | B43: SS | C43: 潜乙 | D43: C | E43: 8 | F43: 21 | G43: 61 | H43: 20 | I43: 0 | J43: 0 | K43: 95 | L43: 42 | M43: 45 | N43: 13 | O43: 1 | P43: 1 | Q43: 2 | R43: =SUM($S43:$V43) -> 0 | S43: 0 | T43: 0 | U43: 0 | V43: 0 | W43: 10 | X43: 15 | Y43: 0.445 | Z43: 0.4
A44: 10285 | B44: CV | C44: 85工程 | D44: S | E44: 60 | F44: 40 | G44: 0 | H44: 59 | I44: 96 | J44: 0 | K44: 95 | L44: 54 | M44: 80 | N44: 31.4 | O44: 1 | P44: 0 | Q44: 4 | R44: =SUM($S44:$V44) -> 60 | S44: 15 | T44: 15 | U44: 18 | V44: 12 | W44: 60 | X44: 65 | Y44: 2.4 | Z44: 4.8 | AA44: 102851
A45: 10287 | B45: AADG | C45: 鹰潭 | D45: C | E45: 20 | F45: 37 | G45: 0 | H45: 23 | I45: 87 | J45: 89 | K45: 99 | L45: 82 | M45: 41 | N45: 28 | O45: 1 | P45: 20 | Q45: 3 | R45: =SUM($S45:$V45) -> 60 | S45: 20 | T45: 20 | U45: 20 | V45: 0 | W45: 15 | X45: 25 | Y45: 0.5 | Z45: 1 | AA45: 102871
A46: 10299 | B46: BB | C46: 让巴尔 | D46: F | E46: 80 | F46: 96 | G46: 0 | H46: 105 | I46: 109 | J46: 0 | K46: 96 | L46: 49 | M46: 44 | N46: 32 | O46: 3 | P46: 18 | Q46: 4 | R46: =SUM($S46:$V46) -> 0 | S46: 0 | T46: 0 | U46: 0 | V46: 0 | W46: 95 | X46: 135 | Y46: 4.3 | Z46: 8 | AA46: 102991
A47: 10300 | B47: CV | C47: 马耳他 | D47: E | E47: 92 | F47: 45 | G47: 0 | H47: 78 | I47: 100 | J47: 0 | K47: 96 | L47: 59 | M47: 77 | N47: 33.2 | O47: 1 | P47: 6 | Q47: 4 | R47: =SUM($S47:$V47) -> 97 | S47: 25 | T47: 25 | U47: 24 | V47: 23 | W47: 95 | X47: 125 | Y47: 4.8 | Z47: 8.5 | AA47: 103001
A48: 10305 | B48: BB | C48: 英王乔治五世 | D48: E | E48: 74 | F48: 95 | G48: 0 | H48: 95 | I48: 85 | J48: 0 | K48: 96 | L48: 48 | M48: 42 | N48: 29 | O48: 3 | P48: 24 | Q48: 4 | R48: =SUM($S48:$V48) -> 16 | S48: 4 | T48: 4 | U48: 4 | V48: 4 | W48: 90 | X48: 140 | Y48: 4.2 | Z48: 8 | AA48: 103051
A49: 10307 | B49: AP | C49: 女灶神 | D49: U | E49: 40 | F49: 28 | G49: 0 | H49: 22 | I49: 45 | J49: 0 | K49: 87 | L49: 76 | M49: 17 | N49: 16 | O49: 1 | P49: 25 | Q49: 3 | R49: =SUM($S49:$V49) -> 0 | S49: 0 | T49: 0 | U49: 0 | V49: 0 | W49: 40 | X49: 20 | Y49: 1.28 | Z49: 2.4 | AA49: 103071
A50: 10319 | B50: AV | C50: 不挠 | D50: E | E50: 66 | F50: 40 | G50: 0 | H50: 86 | I50: 88 | J50: 0 | K50: 85 | L50: 56 | M50: 67 | N50: 30.5 | O50: 1 | P50: 24 | Q50: 4 | R50: =SUM($S50:$V50) -> 66 | S50: 12 | T50: 24 | U50: 20 | V50: 10 | W50: 70 | X50: 65 | Y50: 2.88 | Z50: 5.4 | AA50: 103191
A51: 10321 | B51: BB | C51: 费拉迪D | D51: I | E51: 72 | F51: 108 | G51: 0 | H51: 90 | I51: 54 | J51: 0 | K51: 100 | L51: 46 | M51: 42 | N51: 26 | O51: 3 | P51: 6 | Q51: 4 | R51: =SUM($S51:$V51) -> 0 | S51: 0 | T51: 0 | U51: 0 | V51: 0 | W51: 85 | X51: 145 | Y51: 2.5 | Z51: 4.6 | AA51: 103211
A52: 10325 | B52: CV | C52: 列克星敦(CV-16) | D52: U | E52: 60 | F52: 40 | G52: 0 | H52: 60 | I52: 95 | J52: 0 | K52: 96 | L52: 52 | M52: 77 | N52: 33 | O52: 1 | P52: 25 | Q52: 4 | R52: =SUM($S52:$V52) -> 90 | S52: 18 | T52: 18 | U52: 36 | V52: 18 | W52: 60 | X52: 60 | Y52: 2.4 | Z52: 4.5 | AA52: 103251 | AC52: essex
A53: 10331 | B53: BC | C53: 无比 | D53: E | E53: 80 | F53: 118 | G53: 38 | H53: 83 | I53: 50 | J53: 0 | K53: 96 | L53: 51 | M53: 42 | N53: 35 | O53: 3 | P53: 6 | Q53: 4 | R53: =SUM($S53:$V53) -> 0 | S53: 0 | T53: 0 | U53: 0 | V53: 0 | W53: 70 | X53: 120 | Y53: 2.88 | Z53: 5.4 | AA53: 103311
A54: 10338 | B54: AV | C54: 天鹰 | D54: I | E54: 64 | F54: 40 | G54: 0 | H54: 66 | I54: 75 | J54: 0 | K54: 85 | L54: 53 | M54: 61 | N54: 30 | O54: 1 | P54: 7 | Q54: 4 | R54: =SUM($S54:$V54) -> 66 | S54: 34 | T54: 16 | U54: 16 | V54: 0 | W54: 75 | X54: 65 | Y54: 3 | Z54: 5.2 | AA54: 103381
A55: 10339 | B55: CV | C55: 帝国 | D55: I | E55: 70 | F55: 40 | G55: 0 | H55: 80 | I55: 68 | J55: 0 | K55: 95 | L55: 50 | M55: 67 | N55: 31 | O55: 1 | P55: 7 | Q55: 4 | R55: =SUM($S55:$V55) -> 75 | S55: 33 | T55: 22 | U55: 20 | V55: 0 | W55: 60 | X55: 55 | Y55: 2.5 | Z55: 4.8 | AA55: 113391 | AC55: veneto
A56: 10343 | B56: ASDG | C56: 蔚山 | D56: 其他 | E56: 16 | F56: 27 | G56: 1 | H56: 20 | I56: 85 | J56: 0 | K56: 87 | L56: 84 | M56: 46 | N56: 34 | O56: 1 | P56: 15 | Q56: 3 | R56: =SUM($S56:$V56) -> 24 | S56: 8 | T56: 8 | U56: 8 | V56: 0 | W56: 30 | X56: 65 | Y56: 0.48 | Z56: 0.7
A57: 10345 | B57: BB | C57: 威斯康星 | D57: U | E57: 84 | F57: 116 | G57: 0 | H57: 102 | I57: 108 | J57: 0 | K57: 102 | L57: 52 | M57: 47 | N57: 33 | O57: 3 | P57: 24 | Q57: 4 | R57: =SUM($S57:$V57) -> 12 | S57: 3 | T57: 3 | U57: 3 | V57: 3 | W57: 135 | X57: 175 | Y57: 4.8 | Z57: 9 | AA57: 103451 | AC57: iowa
A58: 10352 | B58: CA | C58: 莫斯科 | D58: S | E58: 56 | F58: 76 | G58: 0 | H58: 70 | I58: 98 | J58: 0 | K58: 96 | L58: 65 | M58: 45 | N58: 34.5 | O58: 3 | P58: 7 | Q58: 3 | R58: =SUM($S58:$V58) -> 0 | S58: 0 | T58: 0 | U58: 0 | V58: 0 | W58: 65 | X58: 100 | Y58: 2.4 | Z58: 3.8 | AA58: 103521
A59: 10362 | B59: BC | C59: 星座 | D59: U | E59: 76 | F59: 107 | G59: 42 | H59: 71 | I59: 66 | J59: 0 | K59: 95 | L59: 61 | M59: 39 | N59: 33 | O59: 3 | P59: 7 | Q59: 4 | R59: =SUM($S59:$V59) -> 6 | S59: 2 | T59: 2 | U59: 2 | V59: 0 | W59: 75 | X59: 120 | Y59: 2.8 | Z59: 5.3 | AA59: 113621
A60: 10357 | B60: CA | C60: 羽黑 | D60: J | E60: 43 | F60: 62 | G60: 54 | H60: 46 | I60: 53 | J60: 0 | K60: 91 | L60: 80 | M60: 51 | N60: 33 | O60: 2 | P60: 16 | Q60: 3 | R60: =SUM($S60:$V60) -> 6 | S60: 2 | T60: 2 | U60: 2 | V60: 0 | W60: 40 | X60: 65 | Y60: 1.28 | Z60: 2.4 | AA60: 103571
A61: 10363 | B61: ASDG | C61: 炽热 | D61: S | E61: 26 | F61: 36 | G61: 1 | H61: 27 | I61: 76 | J61: 0 | K61: 97 | L61: 72 | M61: 37 | N61: 34.5 | O61: 1 | P61: 12 | Q61: 3 | R61: =SUM($S61:$V61) -> 24 | S61: 8 | T61: 8 | U61: 8 | V61: 0 | W61: 25 | X61: 50 | Y61: 0.48 | Z61: 1.2
A62: 10366 | B62: SS | C62: 鹦鹉螺 | D62: U | E62: 24 | F62: 28 | G62: 73 | H62: 28 | I62: 0 | J62: 0 | K62: 96 | L62: 38 | M62: 48 | N62: 17.4 | O62: 1 | P62: 24 | Q62: 2 | R62: 0 | S62: 0 | T62: 0 | U62: 0 | V62: 0 | W62: 20 | X62: 20 | Y62: 0.75 | Z62: 0.7 | AA62: 103661
A63: 10367 | B63: BB | C63: 乌尔里希·冯·胡滕 | D63: G | E63: 108 | F63: 117 | G63: 0 | H63: 102 | I63: 70 | J63: 0 | K63: 97 | L63: 45 | M63: 44 | N63: 30.1 | O63: 3 | P63: 5 | Q63: 4 | R63: =SUM($S63:$V63) -> 16 | S63: 4 | T63: 4 | U63: 4 | V63: 4 | W63: 135 | X63: 165 | Y63: 4.8 | Z63: 9.9 | AA63: 103671
A64: 10370 | B64: AV | C64: 光辉 | D64: E | E64: 66 | F64: 40 | G64: 0 | H64: 93 | I64: 83 | J64: 0 | K64: 87 | L64: 55 | M64: 72 | N64: 30.5 | O64: 1 | P64: 19 | Q64: 4 | R64: =SUM($S64:$V64) -> 57 | S64: 10 | T64: 27 | U64: 12 | V64: 8 | W64: 70 | X64: 65 | Y64: 2.88 | Z64: 5.5 | AA64: 103701
A65: 10374 | B65: CV | C65: 汉考克 | D65: U | E65: 60 | F65: 40 | G65: 0 | H65: 60 | I65: 99 | J65: 0 | K65: 96 | L65: 52 | M65: 77 | N65: 33 | O65: 1 | P65: 22 | Q65: 4 | R65: =SUM($S65:$V65) -> 92 | S65: 18 | T65: 18 | U65: 38 | V65: 18 | W65: 60 | X65: 65 | Y65: 2.4 | Z65: 4.6 | AA65: 103741 | AC65: essex
A66: 10377 | B66: CLT | C66: 木曾 | D66: J | E66: 24 | F66: 35 | G66: 95 | H66: 29 | I66: 48 | J66: 26 | K66: 91 | L66: 78 | M66: 21 | N66: 36 | O66: 2 | P66: 14 | Q66: 3 | R66: =SUM($S66:$V66) -> 0 | S66: 0 | T66: 0 | U66: 0 | V66: 0 | W66: 25 | X66: 75 | Y66: 0.8 | Z66: 1.5 | AA66: 103771
A67: 10380 | B67: BB | C67: 圣乔治 | D67: E | E67: 84 | F67: 122 | G67: 0 | H67: 105 | I67: 71 | J67: 0 | K67: 100 | L67: 41 | M67: 42 | N67: 23 | O67: 3 | P67: 8 | Q67: 4 | R67: =SUM($S67:$V67) -> 0 | S67: 0 | T67: 0 | U67: 0 | V67: 0 | W67: 125 | X67: 180 | Y67: 4.7 | Z67: 8.7 | AA67: 113801
A68: 10381 | B68: BB | C68: 印第安纳 | D68: U | E68: 75 | F68: 108 | G68: 0 | H68: 100 | I68: 98 | J68: 0 | K68: 96 | L68: 46 | M68: 44 | N68: 27.5 | O68: 3 | P68: 19 | Q68: 4 | R68: =SUM($S68:$V68) -> 12 | S68: 3 | T68: 3 | U68: 3 | V68: 3 | W68: 95 | X68: 140 | Y68: 4.2 | Z68: 8 | AA68: 103811 | AC68: south_dakota
A69: 10388 | B69: CA | C69: 纽波特纽斯 | D69: U | E69: 52 | F69: 83 | G69: 0 | H69: 58 | I69: 108 | J69: 0 | K69: 94 | L69: 75 | M69: 56 | N69: 33 | O69: 2 | P69: 15 | Q69: 3 | R69: =SUM($S69:$V69) -> 9 | S69: 3 | T69: 3 | U69: 3 | V69: 0 | W69: 40 | X69: 70 | Y69: 1.28 | Z69: 2.4 | AA69: 103881
A70: 10391 | B70: AADG | C70: 查尔斯·亚当斯 | D70: U | E70: 24 | F70: 35 | G70: 1 | H70: 25 | I70: 87 | J70: 86 | K70: 99 | L70: 71 | M70: 39 | N70: 33 | O70: 1 | P70: 18 | Q70: 2 | R70: =SUM($S70:$V70) -> 60 | S70: 20 | T70: 20 | U70: 20 | V70: 0 | W70: 15 | X70: 35 | Y70: 0.5 | Z70: 1
A71: 10397 | B71: BC | C71: 斯大林格勒 | D71: S | E71: 72 | F71: 97 | G71: 0 | H71: 75 | I71: 106 | J71: 0 | K71: 96 | L71: 64 | M71: 47 | N71: 35.5 | O71: 4 | P71: 8 | Q71: 4 | R71: =SUM($S71:$V71) -> 0 | S71: 0 | T71: 0 | U71: 0 | V71: 0 | W71: 85 | X71: 120 | Y71: 3 | Z71: 5.2 | AA71: 103971
A72: 10401 | B72: ASDG | C72: 胆大 | D72: S | E72: 28 | F72: 39 | G72: 1 | H72: 27 | I72: 96 | J72: 0 | K72: 97 | L72: 71 | M72: 39 | N72: 34.8 | O72: 1 | P72: 12 | Q72: 3 | R72: =SUM($S72:$V72) -> 24 | S72: 8 | T72: 8 | U72: 8 | V72: 0 | W72: 25 | X72: 55 | Y72: 0.5 | Z72: 1.2
A73: 10403 | B73: AADG | C73: 格拉摩根 | D73: E | E73: 28 | F73: 38 | G73: 1 | H73: 27 | I73: 81 | J73: 82 | K73: 99 | L73: 70 | M73: 36 | N73: 31.5 | O73: 1 | P73: 22 | Q73: 4 | R73: =SUM($S73:$V73) -> 32 | S73: 8 | T73: 8 | U73: 8 | V73: 8 | W73: 30 | X73: 35 | Y73: 0.7 | Z73: 1.2
A74: 10404 | B74: AV | C74: 怨仇 | D74: E | E74: 70 | F74: 40 | G74: 0 | H74: 84 | I74: 90 | J74: 0 | K74: 87 | L74: 56 | M74: 67 | N74: 32 | O74: 1 | P74: 15 | Q74: 4 | R74: =SUM($S74:$V74) -> 81 | S74: 18 | T74: 30 | U74: 21 | V74: 12 | W74: 70 | X74: 65 | Y74: 2.9 | Z74: 5.4 | AA74: 104041
A75: 10407 | B75: AADG | C75: 吕特晏斯 | D75: G | E75: 24 | F75: 35 | G75: 1 | H75: 25 | I75: 95 | J75: 86 | K75: 99 | L75: 71 | M75: 39 | N75: 33 | O75: 1 | P75: 17 | Q75: 2 | R75: =SUM($S75:$V75) -> 60 | S75: 20 | T75: 20 | U75: 20 | V75: 0 | W75: 15 | X75: 35 | Y75: 0.6 | Z75: 1.1
A76: 10409 | B76: BB | C76: 新泽西 | D76: U | E76: 84 | F76: 116 | G76: 0 | H76: 102 | I76: 106 | J76: 0 | K76: 102 | L76: 52 | M76: 47 | N76: 33 | O76: 3 | P76: 23 | Q76: 4 | R76: =SUM($S76:$V76) -> 12 | S76: 3 | T76: 3 | U76: 3 | V76: 3 | W76: 135 | X76: 175 | Y76: 4.8 | Z76: 9 | AA76: 104091 | AC76: iowa
A77: 10410 | B77: CA | C77: 萨勒姆 | D77: U | E77: 52 | F77: 83 | G77: 0 | H77: 58 | I77: 109 | J77: 0 | K77: 94 | L77: 75 | M77: 56 | N77: 33 | O77: 2 | P77: 19 | Q77: 3 | R77: =SUM($S77:$V77) -> 9 | S77: 3 | T77: 3 | U77: 3 | V77: 0 | W77: 40 | X77: 70 | Y77: 1.28 | Z77: 2.4 | AA77: 104101
A78: 10418 | B78: BB | C78: 阿金库尔 | D78: E | E78: 64 | F78: 87 | G78: 0 | H78: 76 | I78: 49 | J78: 0 | K78: 94 | L78: 40 | M78: 39 | N78: 22.5 | O78: 3 | P78: 15 | Q78: 4 | R78: =SUM($S78:$V78) -> 0 | S78: 0 | T78: 0 | U78: 0 | V78: 0 | W78: 65 | X78: 120 | Y78: 2.9 | Z78: 5.3 | AA78: 104181
A79: 10420 | B79: CL | C79: 亚尔古水手 | D79: E | E79: 28 | F79: 52 | G79: 50 | H79: 46 | I79: 90 | J79: 82 | K79: 92 | L79: 69 | M79: 22 | N79: 32 | O79: 2 | P79: 20 | Q79: 3 | R79: =SUM($S79:$V79) -> 0 | S79: 0 | T79: 0 | U79: 0 | V79: 0 | W79: 20 | X79: 30 | Y79: 0.96 | Z79: 1.8 | AA79: 104201
A80: 10422 | B80: CL | C80: 凤凰城 | D80: U | E80: 33 | F80: 62 | G80: 0 | H80: 52 | I80: 86 | J80: 63 | K80: 89 | L80: 72 | M80: 23 | N80: 31.5 | O80: 2 | P80: 22 | Q80: 3 | R80: =SUM($S80:$V80) -> 9 | S80: 3 | T80: 3 | U80: 3 | V80: 0 | W80: 30 | X80: 35 | Y80: 0.8 | Z80: 1.5 | AA80: 104221
A81: 10426 | B81: CV | C81: 彼得·施特拉塞尔 | D81: G | E81: 52 | F81: 40 | G81: 0 | H81: 57 | I81: 62 | J81: 0 | K81: 95 | L81: 54 | M81: 65 | N81: 35 | O81: 1 | P81: 5 | Q81: 4 | R81: =SUM($S81:$V81) -> 62 | S81: 12 | T81: 21 | U81: 17 | V81: 12 | W81: 50 | X81: 60 | Y81: 2.08 | Z81: 4.3 | AA81: 104261
A82: 10433 | B82: CV | C82: 提康德罗加 | D82: U | E82: 60 | F82: 40 | G82: 0 | H82: 60 | I82: 98 | J82: 0 | K82: 96 | L82: 52 | M82: 77 | N82: 33 | O82: 1 | P82: 22 | Q82: 4 | R82: =SUM($S82:$V82) -> 90 | S82: 18 | T82: 20 | U82: 34 | V82: 18 | W82: 60 | X82: 65 | Y82: 2.4 | Z82: 4.6 | AA82: 104331 | AC82: essex
A83: 10435 | B83: BC | C83: B65 | D83: J | E83: 62 | F83: 93 | G83: 0 | H83: 74 | I83: 80 | J83: 0 | K83: 94 | L83: 66 | M83: 40 | N83: 33 | O83: 3 | P83: 5 | Q83: 4 | R83: =SUM($S83:$V83) -> 12 | S83: 3 | T83: 3 | U83: 3 | V83: 3 | W83: 80 | X83: 110 | Y83: 2.88 | Z83: 5.4 | AA83: 104351
A84: 10436 | B84: BC | C84: 十三号战舰 | D84: J | E84: 80 | F84: 117 | G84: 0 | H84: 95 | I84: 56 | J84: 0 | K84: 96 | L84: 61 | M84: 42 | N84: 30 | O84: 3 | P84: 5 | Q84: 4 | R84: =SUM($S84:$V84) -> 12 | S84: 3 | T84: 3 | U84: 3 | V84: 3 | W84: 100 | X84: 140 | Y84: 3.3 | Z84: 6.1 | AA84: 104361
A85: 10438 | B85: CA | C85: 梅肯 | D85: U | E85: 52 | F85: 68 | G85: 0 | H85: 56 | I85: 95 | J85: 0 | K85: 92 | L85: 75 | M85: 56 | N85: 33 | O85: 2 | P85: 10 | Q85: 3 | R85: =SUM($S85:$V85) -> 9 | S85: 3 | T85: 3 | U85: 3 | V85: 0 | W85: 40 | X85: 70 | Y85: 1.28 | Z85: 2.4 | AA85: 104381
A86: 10442 | B86: BB | C86: 里昂 | D86: F | E86: 72 | F86: 107 | G86: 0 | H86: 85 | I86: 50 | J86: 0 | K86: 100 | L86: 40 | M86: 39 | N86: 21 | O86: 3 | P86: 5 | Q86: 4 | R86: =SUM($S86:$V86) -> 0 | S86: 0 | T86: 0 | U86: 0 | V86: 0 | W86: 80 | X86: 125 | Y86: 2.5 | Z86: 5 | AA86: 104421
A87: 10446 | B87: BC | C87: 狮(BC) | D87: E | E87: 60 | F87: 85 | G87: 0 | H87: 69 | I87: 45 | J87: 0 | K87: 94 | L87: 63 | M87: 40 | N87: 27 | O87: 3 | P87: 20 | Q87: 4 | R87: =SUM($S87:$V87) -> 0 | S87: 0 | T87: 0 | U87: 0 | V87: 0 | W87: 60 | X87: 110 | Y87: 2.8 | Z87: 5.1 | AA87: 104461
A88: 10448 | B88: BB | C88: 弗兰德尔 | D88: F | E88: 84 | F88: 114 | G88: 0 | H88: 104 | I88: 81 | J88: 0 | K88: 96 | L88: 51 | M88: 40 | N88: 31 | O88: 3 | P88: 5 | Q88: 4 | R88: =SUM($S88:$V88) -> 9 | S88: 3 | T88: 3 | U88: 3 | V88: 0 | W88: 95 | X88: 140 | Y88: 4.2 | Z88: 8.2 | AA88: 104481
A89: 10450 | B89: BB | C89: L20 | D89: G | E89: 84 | F89: 110 | G89: 0 | H89: 96 | I89: 53 | J89: 0 | K89: 100 | L89: 48 | M89: 38 | N89: 26 | O89: 3 | P89: 5 | Q89: 4 | R89: =SUM($S89:$V89) -> 0 | S89: 0 | T89: 0 | U89: 0 | V89: 0 | W89: 90 | X89: 130 | Y89: 3.2 | Z89: 6 | AA89: 104501
A90: 10451 | B90: CA | C90: 伊吹 | D90: J | E90: 42 | F90: 61 | G90: 65 | H90: 50 | I90: 59 | J90: 0 | K90: 92 | L90: 79 | M90: 51 | N90: 35 | O90: 2 | P90: 5 | Q90: 3 | R90: =SUM($S90:$V90) -> 9 | S90: 3 | T90: 3 | U90: 3 | V90: 0 | W90: 40 | X90: 65 | Y90: 1.28 | Z90: 2.4 | AA90: 104511
A91: 10454 | B91: BB | C91: 征服者 | D91: E | E91: 81 | F91: 110 | G91: 0 | H91: 105 | I91: 98 | J91: 0 | K91: 97 | L91: 50 | M91: 42 | N91: 28.25 | O91: 3 | P91: 6 | Q91: 4 | R91: =SUM($S91:$V91) -> 0 | S91: 0 | T91: 0 | U91: 0 | V91: 0 | W91: 125 | X91: 175 | Y91: 4.8 | Z91: 9 | AA91: 104541 | AC91: lion
A92: 10455 | B92: AV | C92: 皇家方舟(R-09) | D92: E | E92: 84 | F92: 45 | G92: 0 | H92: 95 | I92: 110 | J92: 0 | K92: 89 | L92: 51 | M92: 67 | N92: 31.5 | O92: 1 | P92: 15 | Q92: 4 | R92: =SUM($S92:$V92) -> 83 | S92: 20 | T92: 30 | U92: 21 | V92: 12 | W92: 95 | X92: 130 | Y92: 3.5 | Z92: 5.8 | AA92: 104551
A93: 10458 | B93: SS | C93: U-14 | D93: Ar | E93: 8 | F93: 21 | G93: 65 | H93: 20 | I93: 0 | J93: 0 | K93: 99 | L93: 60 | M93: 46 | N93: 12.6 | O93: 1 | P93: 20 | Q93: 2 | R93: 0 | S93: 0 | T93: 0 | U93: 0 | V93: 0 | W93: 10 | X93: 20 | Y93: 0.5 | Z93: 0.4 | AA93: 104581
A94: 10460 | B94: BB | C94: 宾夕法尼亚 | D94: U | E94: 68 | F94: 93 | G94: 0 | H94: 87 | I94: 66 | J94: 0 | K94: 94 | L94: 37 | M94: 39 | N94: 21 | O94: 3 | P94: 20 | Q94: 4 | R94: =SUM($S94:$V94) -> 12 | S94: 3 | T94: 3 | U94: 3 | V94: 3 | W94: 85 | X94: 120 | Y94: 2.5 | Z94: 5.2 | AA94: 104601
A95: 10461 | B95: BC | C95: 无敌 | D95: E | E95: 84 | F95: 110 | G95: 0 | H95: 107 | I95: 73 | J95: 0 | K95: 100 | L95: 52 | M95: 44 | N95: 32 | O95: 3 | P95: 6 | Q95: 4 | R95: =SUM($S95:$V95) -> 0 | S95: 0 | T95: 0 | U95: 0 | V95: 0 | W95: 130 | X95: 175 | Y95: 4.8 | Z95: 9.1 | AA95: 104611
A96: 10464 | B96: BB | C96: 南达科他(BB49) | D96: U | E96: 80 | F96: 123 | G96: 0 | H96: 95 | I96: 65 | J96: 0 | K96: 94 | L96: 40 | M96: 39 | N96: 23 | O96: 3 | P96: 8 | Q96: 4 | R96: =SUM($S96:$V96) -> 0 | S96: 0 | T96: 0 | U96: 0 | V96: 0 | W96: 100 | X96: 185 | Y96: 3.7 | Z96: 8.1 | AA96: 104641
A97: 10466 | B97: BB | C97: 1939战列舰 | D97: Sp | E97: 76 | F97: 102 | G97: 0 | H97: 98 | I97: 66 | J97: 0 | K97: 96 | L97: 50 | M97: 43 | N97: 31 | O97: 3 | P97: 5 | Q97: 4 | R97: =SUM($S97:$V97) -> 0 | S97: 0 | T97: 0 | U97: 0 | V97: 0 | W97: 90 | X97: 130 | Y97: 4.2 | Z97: 8 | AA97: 104661 | AC97: veneto
A98: 10467 | B98: ASDG | C98: 鞍山 | D98: C | E98: 20 | F98: 37 | G98: 1 | H98: 24 | I98: 60 | J98: 0 | K98: 95 | L98: 79 | M98: 26 | N98: 39 | O98: 1 | P98: 20 | Q98: 3 | R98: =SUM($S98:$V98) -> 24 | S98: 8 | T98: 8 | U98: 8 | V98: 0 | W98: 20 | X98: 50 | Y98: 0.48 | Z98: 1.2 | AA98: 104671 | AC98: PLAN4
A99: 10468 | B99: BB | C99: 猎户座 | D99: E | E99: 56 | F99: 89 | G99: 0 | H99: 81 | I99: 45 | J99: 0 | K99: 96 | L99: 38 | M99: 39 | N99: 21 | O99: 3 | P99: 19 | Q99: 4 | R99: =SUM($S99:$V99) -> 0 | S99: 0 | T99: 0 | U99: 0 | V99: 0 | W99: 55 | X99: 110 | Y99: 2.8 | Z99: 5 | AA99: 104681
A100: 10469 | B100: CV | C100: 本宁顿 | D100: U | E100: 60 | F100: 40 | G100: 0 | H100: 60 | I100: 101 | J100: 0 | K100: 96 | L100: 52 | M100: 77 | N100: 33 | O100: 1 | P100: 18 | Q100: 4 | R100: =SUM($S100:$V100) -> 91 | S100: 19 | T100: 20 | U100: 34 | V100: 18 | W100: 60 | X100: 65 | Y100: 2.4 | Z100: 4.6 | AA100: 104691 | AC100: essex
...

Sheet 舰船数据-改造
A1: cid | B1: 舰种 | C1: 名称 | D1: 国籍 | E1: 耐久 | F1: 火力 | G1: 鱼雷 | H1: 装甲 | I1: 对空 | J1: 对潜 | K1: 命中 | L1: 回避 | M1: 索敌 | N1: 航速 | O1: 射程 | P1: 幸运 | Q1: 装备栏 | R1: 总搭载 | S1: 搭载1 | T1: 搭载2 | U1: 搭载3 | V1: 搭载4 | W1: 补给油耗 | X1: 补给弹耗 | Y1: 修理油耗 | Z1: 修理钢耗 | AA1: 技能1 | AB1: 技能2 | AC1: 标签
A2: 11001 | B2: BC | C2: 胡德 | D2: E | E2: 80 | F2: 103 | G2: 0 | H2: 87 | I2: 85 | J2: 0 | K2: 102 | L2: 68 | M2: 45 | N2: 32 | O2: 3 | P2: 8 | Q2: 4 | R2: =SUM($S2:$V2) -> 12 | S2: 3 | T2: 3 | U2: 3 | V2: 3 | W2: 70 | X2: 120 | Y2: 2.88 | Z2: 5.4 | AA2: 110011 | AB2: 110012
A3: 11002 | B3: BBV | C3: 扶桑 | D3: J | E3: 72 | F3: 88 | G3: 0 | H3: 84 | I3: 67 | J3: 0 | K3: 100 | L3: 52 | M3: 47 | N3: 24 | O3: 3 | P3: 9 | Q3: 4 | R3: =SUM($S3:$V3) -> 30 | S3: 0 | T3: 0 | U3: 12 | V3: 18 | W3: 85 | X3: 120 | Y3: 2.5 | Z3: 5.1 | AA3: 110021
A4: 11003 | B4: BB | C4: 山城 | D4: J | E4: 72 | F4: 107 | G4: 0 | H4: 84 | I4: 50 | J4: 0 | K4: 97 | L4: 49 | M4: 37 | N4: 23 | O4: 3 | P4: 9 | Q4: 4 | R4: =SUM($S4:$V4) -> 8 | S4: 2 | T4: 2 | U4: 2 | V4: 2 | W4: 85 | X4: 135 | Y4: 2.5 | Z4: 5.2 | AA4: 110021
A5: 11004 | B5: BBV | C5: 伊势 | D5: J | E5: 79 | F5: 87 | G5: 0 | H5: 87 | I5: 78 | J5: 0 | K5: 100 | L5: 53 | M5: 47 | N5: 24.5 | O5: 3 | P5: 15 | Q5: 4 | R5: =SUM($S5:$V5) -> 24 | S5: 0 | T5: 0 | U5: 12 | V5: 12 | W5: 85 | X5: 120 | Y5: 2.5 | Z5: 5.1 | AA5: 110041
A6: 11005 | B6: BBV | C6: 日向 | D6: J | E6: 79 | F6: 87 | G6: 0 | H6: 87 | I6: 78 | J6: 0 | K6: 100 | L6: 53 | M6: 47 | N6: 24.5 | O6: 3 | P6: 15 | Q6: 4 | R6: =SUM($S6:$V6) -> 24 | S6: 0 | T6: 0 | U6: 12 | V6: 12 | W6: 85 | X6: 120 | Y6: 2.5 | Z6: 5.1 | AA6: 110051
A7: 11006 | B7: BB | C7: 俾斯麦 | D7: G | E7: 100 | F7: 102 | G7: 0 | H7: 100 | I7: 67 | J7: 0 | K7: 102 | L7: 55 | M7: 49 | N7: 30.8 | O7: 3 | P7: 18 | Q7: 4 | R7: =SUM($S7:$V7) -> 16 | S7: 4 | T7: 4 | U7: 4 | V7: 4 | W7: 90 | X7: 130 | Y7: 4.2 | Z7: 8.8 | AA7: 110061 | AB7: 110062
A8: 11007 | B8: BB | C8: 提尔比茨 | D8: G | E8: 101 | F8: 102 | G8: 30 | H8: 100 | I8: 69 | J8: 0 | K8: 102 | L8: 55 | M8: 49 | N8: 30 | O8: 3 | P8: 16 | Q8: 4 | R8: =SUM($S8:$V8) -> 16 | S8: 4 | T8: 4 | U8: 4 | V8: 4 | W8: 90 | X8: 130 | Y8: 4.2 | Z8: 8.8 | AA8: 110071
A9: 11008 | B9: BB | C9: 纳尔逊 | D9: E | E9: 77 | F9: 109 | G9: 0 | H9: 102 | I9: 77 | J9: 0 | K9: 101 | L9: 48 | M9: 43 | N9: 23.5 | O9: 3 | P9: 20 | Q9: 4 | R9: =SUM($S9:$V9) -> 0 | S9: 0 | T9: 0 | U9: 0 | V9: 0 | W9: 90 | X9: 140 | Y9: 3.2 | Z9: 6 | AA9: 110081 | AC9: big_seven
A10: 11009 | B10: BB | C10: 罗德尼 | D10: E | E10: 76 | F10: 109 | G10: 0 | H10: 102 | I10: 77 | J10: 0 | K10: 101 | L10: 48 | M10: 43 | N10: 23.5 | O10: 3 | P10: 20 | Q10: 4 | R10: =SUM($S10:$V10) -> 8 | S10: 2 | T10: 2 | U10: 2 | V10: 2 | W10: 90 | X10: 140 | Y10: 3.2 | Z10: 6 | AA10: 110081 | AB10: 110092 | AC10: big_seven
A11: 11010 | B11: BB | C11: 威尔士亲王 | D11: E | E11: 79 | F11: 100 | G11: 0 | H11: 100 | I11: 92 | J11: 0 | K11: 102 | L11: 55 | M11: 45 | N11: 29 | O11: 3 | P11: 10 | Q11: 4 | R11: =SUM($S11:$V11) -> 16 | S11: 4 | T11: 4 | U11: 4 | V11: 4 | W11: 90 | X11: 140 | Y11: 4.2 | Z11: 8 | AA11: 110101 | AB11: 110102
A12: 11011 | B12: BB | C12: 内华达 | D12: U | E12: 72 | F12: 90 | G12: 0 | H12: 93 | I12: 97 | J12: 0 | K12: 100 | L12: 44 | M12: 42 | N12: 21 | O12: 3 | P12: 30 | Q12: 4 | R12: =SUM($S12:$V12) -> 12 | S12: 3 | T12: 3 | U12: 3 | V12: 3 | W12: 85 | X12: 125 | Y12: 2.5 | Z12: 5.1 | AA12: 110111
A13: 11012 | B13: BB | C13: 俄克拉荷马 | D13: U | E13: 72 | F13: 90 | G13: 0 | H13: 93 | I13: 97 | J13: 0 | K13: 100 | L13: 44 | M13: 42 | N13: 21 | O13: 3 | P13: 10 | Q13: 4 | R13: =SUM($S13:$V13) -> 12 | S13: 3 | T13: 3 | U13: 3 | V13: 3 | W13: 85 | X13: 125 | Y13: 2.5 | Z13: 5.1 | AA13: 110111
A14: 11013 | B14: BB | C14: 安德烈亚·多利亚 | D14: I | E14: 64 | F14: 89 | G14: 0 | H14: 89 | I14: 70 | J14: 0 | K14: 102 | L14: 63 | M14: 40 | N14: 27 | O14: 3 | P14: 20 | Q14: 4 | R14: =SUM($S14:$V14) -> 12 | S14: 3 | T14: 3 | U14: 3 | V14: 3 | W14: 70 | X14: 110 | Y14: 2.25 | Z14: 4.55 | AA14: 110131
A15: 11014 | B15: BB | C15: 金刚 | D15: J | E15: 68 | F15: 96 | G15: 0 | H15: 73 | I15: 67 | J15: 0 | K15: 100 | L15: 72 | M15: 45 | N15: 30.3 | O15: 3 | P15: 15 | Q15: 4 | R15: =SUM($S15:$V15) -> 12 | S15: 3 | T15: 3 | U15: 3 | V15: 3 | W15: 80 | X15: 110 | Y15: 2.88 | Z15: 5.4 | AA15: 110141
A16: 11018 | B16: BC | C16: 声望 | D16: E | E16: 70 | F16: 93 | G16: 0 | H16: 80 | I16: 97 | J16: 0 | K16: 101 | L16: 71 | M16: 44 | N16: 31.5 | O16: 3 | P16: 35 | Q16: 4 | R16: =SUM($S16:$V16) -> 16 | S16: 4 | T16: 4 | U16: 4 | V16: 4 | W16: 70 | X16: 120 | Y16: 2.88 | Z16: 5.4 | AA16: 110181 | AB16: 110182
A17: 11019 | B17: BC | C17: 反击 | D17: E | E17: 70 | F17: 88 | G17: 0 | H17: 78 | I17: 75 | J17: 0 | K17: 100 | L17: 74 | M17: 41 | N17: 31.5 | O17: 3 | P17: 12 | Q17: 4 | R17: =SUM($S17:$V17) -> 16 | S17: 4 | T17: 4 | U17: 4 | V17: 4 | W17: 70 | X17: 120 | Y17: 2.88 | Z17: 5.4 | AA17: 110191
A18: 11020 | B18: CBG | C18: 阿拉斯加 | D18: U | E18: 63 | F18: 90 | G18: 0 | H18: 73 | I18: 110 | J18: 0 | K18: 102 | L18: 72 | M18: 55 | N18: 33 | O18: 3 | P18: 15 | Q18: 4 | R18: =SUM($S18:$V18) -> 48 | S18: 12 | T18: 12 | U18: 12 | V18: 12 | W18: 85 | X18: 135 | Y18: 2.9 | Z18: 5.6 | AA18: 110201
A19: 11021 | B19: CBG | C19: 关岛 | D19: U | E19: 63 | F19: 95 | G19: 0 | H19: 72 | I19: 105 | J19: 0 | K19: 102 | L19: 72 | M19: 55 | N19: 33 | O19: 3 | P19: 15 | Q19: 4 | R19: =SUM($S19:$V19) -> 48 | S19: 12 | T19: 12 | U19: 12 | V19: 12 | W19: 85 | X19: 140 | Y19: 2.88 | Z19: 5.6 | AA19: 110211
A20: 11022 | B20: CV | C20: 赤城 | D20: J | E20: 79 | F20: 40 | G20: 0 | H20: 61 | I20: 62 | J20: 0 | K20: 102 | L20: 57 | M20: 77 | N20: 31.2 | O20: 1 | P20: 10 | Q20: 4 | R20: =SUM($S20:$V20) -> 86 | S20: 20 | T20: 20 | U20: 36 | V20: 10 | W20: 60 | X20: 55 | Y20: 2.4 | Z20: 4.5 | AA20: 110221 | AB20: 110222
A21: 11023 | B21: CV | C21: 加贺 | D21: J | E21: 81 | F21: 40 | G21: 0 | H21: 68 | I21: 67 | J21: 0 | K21: 102 | L21: 56 | M21: 75 | N21: 28 | O21: 1 | P21: 10 | Q21: 4 | R21: =SUM($S21:$V21) -> 95 | S21: 22 | T21: 18 | U21: 40 | V21: 15 | W21: 60 | X21: 55 | Y21: 2.56 | Z21: 4.8 | AA21: 110231 | AB21: 110232
A22: 11024 | B22: CVL | C22: 祥凤 | D22: J | E22: 47 | F22: 30 | G22: 0 | H22: 50 | I22: 53 | J22: 0 | K22: 96 | L22: 61 | M22: 63 | N22: 29 | O22: 1 | P22: 10 | Q22: 3 | R22: =SUM($S22:$V22) -> 39 | S22: 17 | T22: 13 | U22: 9 | V22: 0 | W22: 35 | X22: 35 | Y22: 1.28 | Z22: 2.4 | AA22: 110241
A23: 11025 | B23: CVL | C23: 瑞凤 | D23: J | E23: 47 | F23: 30 | G23: 0 | H23: 53 | I23: 58 | J23: 0 | K23: 96 | L23: 61 | M23: 63 | N23: 29 | O23: 1 | P23: 20 | Q23: 3 | R23: =SUM($S23:$V23) -> 37 | S23: 18 | T23: 13 | U23: 6 | V23: 0 | W23: 40 | X23: 35 | Y23: 1.28 | Z23: 2.4 | AA23: 110251
A24: 11026 | B24: CVL | C24: 百眼巨人 | D24: E | E24: 38 | F24: 25 | G24: 0 | H24: 35 | I24: 63 | J24: 0 | K24: 95 | L24: 47 | M24: 78 | N24: 20.7 | O24: 1 | P24: 20 | Q24: 3 | R24: =SUM($S24:$V24) -> 28 | S24: 8 | T24: 12 | U24: 8 | V24: 0 | W24: 20 | X24: 30 | Y24: 0.96 | Z24: 1.8
A25: 11027 | B25: CVL | C25: 兰利 | D25: U | E25: 39 | F25: 25 | G25: 0 | H25: 36 | I25: 72 | J25: 0 | K25: 95 | L25: 42 | M25: 80 | N25: 15 | O25: 1 | P25: 20 | Q25: 3 | R25: =SUM($S25:$V25) -> 35 | S25: 15 | T25: 10 | U25: 10 | V25: 0 | W25: 25 | X25: 30 | Y25: 0.96 | Z25: 1.8
A26: 11028 | B26: CV | C26: 突击者 | D26: U | E26: 48 | F26: 30 | G26: 0 | H26: 48 | I26: 65 | J26: 0 | K26: 100 | L26: 76 | M26: 88 | N26: 29.2 | O26: 1 | P26: 25 | Q26: 4 | R26: =SUM($S26:$V26) -> 65 | S26: 15 | T26: 20 | U26: 25 | V26: 5 | W26: 45 | X26: 50 | Y26: 1.68 | Z26: 3.2 | AA26: 110281
A27: 11029 | B27: CV | C27: 列克星敦 | D27: U | E27: 73 | F27: 40 | G27: 0 | H27: 74 | I27: 77 | J27: 0 | K27: 101 | L27: 58 | M27: 90 | N27: 33.2 | O27: 1 | P27: 20 | Q27: 4 | R27: =SUM($S27:$V27) -> 85 | S27: 20 | T27: 20 | U27: 35 | V27: 10 | W27: 55 | X27: 60 | Y27: 2.08 | Z27: 3.9 | AA27: 110291
A28: 11030 | B28: CV | C28: 萨拉托加 | D28: U | E28: 73 | F28: 40 | G28: 0 | H28: 74 | I28: 90 | J28: 0 | K28: 101 | L28: 58 | M28: 90 | N28: 33.2 | O28: 1 | P28: 32 | Q28: 4 | R28: =SUM($S28:$V28) -> 85 | S28: 20 | T28: 20 | U28: 35 | V28: 10 | W28: 55 | X28: 60 | Y28: 2.08 | Z28: 3.9 | AA28: 110291 | AB28: 110302
A29: 11031 | B29: CV | C29: 大黄蜂 | D29: U | E29: 60 | F29: 45 | G29: 0 | H29: 66 | I29: 80 | J29: 0 | K29: 101 | L29: 58 | M29: 65 | N29: 32.5 | O29: 1 | P29: 12 | Q29: 4 | R29: =SUM($S29:$V29) -> 87 | S29: 15 | T29: 25 | U29: 36 | V29: 11 | W29: 55 | X29: 70 | Y29: 2.08 | Z29: 3.9 | AA29: 110311
A30: 11032 | B30: CA | C30: 高雄 | D30: J | E30: 55 | F30: 70 | G30: 72 | H30: 53 | I30: 58 | J30: 0 | K30: 97 | L30: 89 | M30: 58 | N30: 35 | O30: 2 | P30: 10 | Q30: 4 | R30: =SUM($S30:$V30) -> 6 | S30: 2 | T30: 2 | U30: 2 | V30: 0 | W30: 40 | X30: 65 | Y30: 1.28 | Z30: 2.4 | AA30: 110321
A31: 11033 | B31: CA | C31: 爱宕 | D31: J | E31: 55 | F31: 70 | G31: 72 | H31: 53 | I31: 58 | J31: 0 | K31: 97 | L31: 89 | M31: 58 | N31: 35 | O31: 2 | P31: 10 | Q31: 4 | R31: =SUM($S31:$V31) -> 6 | S31: 2 | T31: 2 | U31: 2 | V31: 0 | W31: 40 | X31: 65 | Y31: 1.28 | Z31: 2.4 | AA31: 110331
A32: 11034 | B32: CA | C32: 摩耶 | D32: J | E32: 55 | F32: 68 | G32: 72 | H32: 52 | I32: 67 | J32: 0 | K32: 97 | L32: 89 | M32: 58 | N32: 35 | O32: 2 | P32: 10 | Q32: 4 | R32: =SUM($S32:$V32) -> 6 | S32: 2 | T32: 2 | U32: 2 | V32: 0 | W32: 40 | X32: 65 | Y32: 1.28 | Z32: 2.4 | AA32: 110341
A33: 11035 | B33: CA | C33: 鸟海 | D33: J | E33: 55 | F33: 70 | G33: 72 | H33: 53 | I33: 55 | J33: 0 | K33: 97 | L33: 89 | M33: 58 | N33: 35 | O33: 2 | P33: 10 | Q33: 4 | R33: =SUM($S33:$V33) -> 6 | S33: 2 | T33: 2 | U33: 2 | V33: 0 | W33: 40 | X33: 65 | Y33: 1.28 | Z33: 2.4 | AA33: 110351
A34: 11036 | B34: CA | C34: 希佩尔海军上将 | D34: G | E34: 61 | F34: 69 | G34: 65 | H34: 50 | I34: 57 | J34: 0 | K34: 97 | L34: 82 | M34: 65 | N34: 32.5 | O34: 2 | P34: 15 | Q34: 4 | R34: =SUM($S34:$V34) -> 12 | S34: 3 | T34: 3 | U34: 3 | V34: 3 | W34: 35 | X34: 65 | Y34: 1.28 | Z34: 2.64 | AA34: 110361
A35: 11037 | B35: CA | C35: 布吕歇尔 | D35: G | E35: 62 | F35: 66 | G35: 65 | H35: 52 | I35: 57 | J35: 0 | K35: 97 | L35: 87 | M35: 62 | N35: 32.5 | O35: 2 | P35: 15 | Q35: 4 | R35: =SUM($S35:$V35) -> 12 | S35: 3 | T35: 3 | U35: 3 | V35: 3 | W35: 35 | X35: 65 | Y35: 1.28 | Z35: 2.64 | AA35: 110371
A36: 11038 | B36: CA | C36: 欧根亲王 | D36: G | E36: 69 | F36: 61 | G36: 55 | H36: 70 | I36: 65 | J36: 0 | K36: 99 | L36: 82 | M36: 68 | N36: 32 | O36: 2 | P36: 35 | Q36: 4 | R36: =SUM($S36:$V36) -> 12 | S36: 3 | T36: 3 | U36: 3 | V36: 3 | W36: 35 | X36: 65 | Y36: 1.28 | Z36: 2.64 | AA36: 110381 | AB36: 110382
A37: 11039 | B37: CA | C37: 威奇塔 | D37: U | E37: 46 | F37: 78 | G37: 0 | H37: 52 | I37: 93 | J37: 0 | K37: 98 | L37: 83 | M37: 62 | N37: 33 | O37: 2 | P37: 20 | Q37: 4 | R37: =SUM($S37:$V37) -> 6 | S37: 2 | T37: 2 | U37: 2 | V37: 0 | W37: 40 | X37: 70 | Y37: 1.28 | Z37: 2.4 | AA37: 110391
A38: 11040 | B38: CA | C38: 昆西 | D38: U | E38: 58 | F38: 73 | G38: 0 | H38: 56 | I38: 80 | J38: 0 | K38: 97 | L38: 83 | M38: 63 | N38: 32.7 | O38: 2 | P38: 12 | Q38: 4 | R38: =SUM($S38:$V38) -> 8 | S38: 2 | T38: 2 | U38: 2 | V38: 2 | W38: 40 | X38: 70 | Y38: 1.28 | Z38: 2.4 | AA38: 110401 | AB38: 110402
A39: 11043 | B39: CLT | C39: 北上 | D39: J | E39: 35 | F39: 36 | G39: 120 | H39: 33 | I39: 55 | J39: 2 | K39: 97 | L39: 78 | M39: 21 | N39: 36 | O39: 2 | P39: 20 | Q39: 3 | R39: =SUM($S39:$V39) -> 0 | S39: 0 | T39: 0 | U39: 0 | V39: 0 | W39: 25 | X39: 100 | Y39: 0.8 | Z39: 1.5 | AA39: 103771 | AB39: 110432
A40: 11044 | B40: CLT | C40: 大井 | D40: J | E40: 35 | F40: 36 | G40: 120 | H40: 33 | I40: 55 | J40: 2 | K40: 97 | L40: 78 | M40: 21 | N40: 36 | O40: 2 | P40: 10 | Q40: 3 | R40: =SUM($S40:$V40) -> 0 | S40: 0 | T40: 0 | U40: 0 | V40: 0 | W40: 25 | X40: 100 | Y40: 0.8 | Z40: 1.5 | AA40: 103771 | AB40: 110432
A41: 11045 | B41: CL | C41: 五十铃 | D41: J | E41: 40 | F41: 48 | G41: 80 | H41: 33 | I41: 68 | J41: 94 | K41: 96 | L41: 87 | M41: 34 | N41: 36 | O41: 2 | P41: 12 | Q41: 3 | R41: =SUM($S41:$V41) -> 3 | S41: 1 | T41: 1 | U41: 1 | V41: 0 | W41: 25 | X41: 25 | Y41: 0.8 | Z41: 1.5 | AA41: 110451
A42: 11046 | B42: CL | C42: 夕张 | D42: J | E42: 34 | F42: 52 | G42: 75 | H42: 35 | I42: 55 | J42: 66 | K42: 97 | L42: 98 | M42: 38 | N42: 35.5 | O42: 2 | P42: 17 | Q42: 4 | R42: =SUM($S42:$V42) -> 0 | S42: 0 | T42: 0 | U42: 0 | V42: 0 | W42: 20 | X42: 30 | Y42: 0.8 | Z42: 1.5 | AA42: 110461
A43: 11050 | B43: CL | C43: 天狼星 | D43: E | E43: 40 | F43: 67 | G43: 65 | H43: 51 | I43: 110 | J43: 110 | K43: 98 | L43: 81 | M43: 29 | N43: 32 | O43: 2 | P43: 24 | Q43: 3 | R43: =SUM($S43:$V43) -> 0 | S43: 0 | T43: 0 | U43: 0 | V43: 0 | W43: 25 | X43: 30 | Y43: 1 | Z43: 1.9 | AA43: 110501
A44: 11054 | B44: CL | C44: 重庆 | D44: C | E44: 39 | F44: 49 | G44: 60 | H44: 42 | I44: 66 | J44: 83 | K44: 96 | L44: 77 | M44: 36 | N44: 32 | O44: 2 | P44: 21 | Q44: 3 | R44: =SUM($S44:$V44) -> 6 | S44: 2 | T44: 2 | U44: 2 | V44: 0 | W44: 20 | X44: 30 | Y44: 0.8 | Z44: 1.5 | AA44: 110541
A45: 11056 | B45: CL | C45: 亚特兰大 | D45: U | E45: 42 | F45: 67 | G45: 0 | H45: 49 | I45: 105 | J45: 105 | K45: 96 | L45: 78 | M45: 40 | N45: 33.6 | O45: 2 | P45: 10 | Q45: 3 | R45: =SUM($S45:$V45) -> 0 | S45: 0 | T45: 0 | U45: 0 | V45: 0 | W45: 25 | X45: 30 | Y45: 0.8 | Z45: 1.5 | AA45: 110561 | AC45: atlanta
A46: 11057 | B46: CL | C46: 朱诺 | D46: U | E46: 42 | F46: 69 | G46: 53 | H46: 49 | I46: 100 | J46: 105 | K46: 96 | L46: 78 | M46: 40 | N46: 33.6 | O46: 2 | P46: 9 | Q46: 3 | R46: =SUM($S46:$V46) -> 0 | S46: 0 | T46: 0 | U46: 0 | V46: 0 | W46: 25 | X46: 30 | Y46: 0.8 | Z46: 1.5 | AA46: 110571 | AC46: atlanta
A47: 11059 | B47: CL | C47: 海伦娜 | D47: U | E47: 48 | F47: 71 | G47: 0 | H47: 57 | I47: 85 | J47: 80 | K47: 97 | L47: 78 | M47: 55 | N47: 31.5 | O47: 2 | P47: 15 | Q47: 3 | R47: =SUM($S47:$V47) -> 12 | S47: 4 | T47: 4 | U47: 4 | V47: 0 | W47: 30 | X47: 35 | Y47: 0.8 | Z47: 1.5 | AA47: 110591 | AB47: 110592
A48: 11062 | B48: BM | C48: 罗伯茨 | D48: E | E48: 48 | F48: 76 | G48: 0 | H48: 62 | I48: 59 | J48: 0 | K48: 93 | L48: 51 | M48: 34 | N48: 12.2 | O48: 3 | P48: 20 | Q48: 3 | R48: =SUM($S48:$V48) -> 0 | S48: 0 | T48: 0 | U48: 0 | V48: 0 | W48: 15 | X48: 30 | Y48: 0.64 | Z48: 1.2 | AA48: 110621
A49: 11063 | B49: BM | C49: 阿贝克隆比 | D49: E | E49: 48 | F49: 76 | G49: 0 | H49: 62 | I49: 59 | J49: 0 | K49: 93 | L49: 51 | M49: 34 | N49: 12.2 | O49: 3 | P49: 18 | Q49: 3 | R49: =SUM($S49:$V49) -> 0 | S49: 0 | T49: 0 | U49: 0 | V49: 0 | W49: 15 | X49: 30 | Y49: 0.64 | Z49: 1.2 | AA49: 110621
A50: 11064 | B50: DD | C50: 吹雪 | D50: J | E50: 30 | F50: 37 | G50: 91 | H50: 37 | I50: 46 | J50: 64 | K50: 93 | L50: 97 | M50: 40 | N50: 37 | O50: 1 | P50: 17 | Q50: 3 | R50: =SUM($S50:$V50) -> 0 | S50: 0 | T50: 0 | U50: 0 | V50: 0 | W50: 20 | X50: 30 | Y50: 0.8 | Z50: 1.5 | AA50: 110641 | AB50: 110642 | AC50: fubuki
A51: 11065 | B51: DD | C51: 白雪 | D51: J | E51: 30 | F51: 37 | G51: 91 | H51: 37 | I51: 46 | J51: 64 | K51: 92 | L51: 97 | M51: 40 | N51: 37 | O51: 1 | P51: 10 | Q51: 3 | R51: =SUM($S51:$V51) -> 0 | S51: 0 | T51: 0 | U51: 0 | V51: 0 | W51: 20 | X51: 25 | Y51: 0.8 | Z51: 1.65 | AA51: 110651 | AC51: fubuki
A52: 11066 | B52: DD | C52: 初雪 | D52: J | E52: 30 | F52: 37 | G52: 91 | H52: 37 | I52: 46 | J52: 64 | K52: 92 | L52: 97 | M52: 40 | N52: 37 | O52: 1 | P52: 9 | Q52: 3 | R52: =SUM($S52:$V52) -> 0 | S52: 0 | T52: 0 | U52: 0 | V52: 0 | W52: 20 | X52: 25 | Y52: 0.8 | Z52: 1.65 | AA52: 110661 | AC52: fubuki
A53: 11067 | B53: DD | C53: 深雪 | D53: J | E53: 30 | F53: 37 | G53: 91 | H53: 37 | I53: 46 | J53: 64 | K53: 92 | L53: 92 | M53: 40 | N53: 37 | O53: 1 | P53: 10 | Q53: 3 | R53: =SUM($S53:$V53) -> 0 | S53: 0 | T53: 0 | U53: 0 | V53: 0 | W53: 20 | X53: 25 | Y53: 0.8 | Z53: 1.65 | AA53: 110671 | AC53: fubuki
A54: 11068 | B54: DD | C54: 晓 | D54: J | E54: 30 | F54: 37 | G54: 91 | H54: 38 | I54: 43 | J54: 69 | K54: 93 | L54: 97 | M54: 34 | N54: 38 | O54: 1 | P54: 12 | Q54: 3 | R54: =SUM($S54:$V54) -> 0 | S54: 0 | T54: 0 | U54: 0 | V54: 0 | W54: 15 | X54: 20 | Y54: 0.48 | Z54: 0.9 | AA54: 110681 | AC54: fubuki
A55: 11069 | B55: DD | C55: 信赖 | D55: S | E55: 35 | F55: 38 | G55: 80 | H55: 40 | I55: 48 | J55: 74 | K55: 93 | L55: 97 | M55: 33 | N55: 38 | O55: 1 | P55: 25 | Q55: 3 | R55: =SUM($S55:$V55) -> 0 | S55: 0 | T55: 0 | U55: 0 | V55: 0 | W55: 15 | X55: 20 | Y55: 0.48 | Z55: 0.9 | AA55: 110691 | AC55: fubuki
A56: 11070 | B56: DD | C56: 雷 | D56: J | E56: 30 | F56: 37 | G56: 91 | H56: 38 | I56: 43 | J56: 69 | K56: 93 | L56: 97 | M56: 40 | N56: 38 | O56: 1 | P56: 12 | Q56: 3 | R56: =SUM($S56:$V56) -> 0 | S56: 0 | T56: 0 | U56: 0 | V56: 0 | W56: 15 | X56: 20 | Y56: 0.48 | Z56: 0.9 | AA56: 110701 | AC56: fubuki
A57: 11071 | B57: DD | C57: 电 | D57: J | E57: 30 | F57: 37 | G57: 91 | H57: 38 | I57: 43 | J57: 69 | K57: 93 | L57: 97 | M57: 40 | N57: 38 | O57: 1 | P57: 10 | Q57: 3 | R57: =SUM($S57:$V57) -> 0 | S57: 0 | T57: 0 | U57: 0 | V57: 0 | W57: 15 | X57: 20 | Y57: 0.48 | Z57: 0.9 | AA57: 110711 | AC57: fubuki
A58: 11072 | B58: DD | C58: 绫波 | D58: J | E58: 30 | F58: 40 | G58: 95 | H58: 38 | I58: 48 | J58: 64 | K58: 93 | L58: 97 | M58: 41 | N58: 38 | O58: 1 | P58: 10 | Q58: 3 | R58: =SUM($S58:$V58) -> 0 | S58: 0 | T58: 0 | U58: 0 | V58: 0 | W58: 15 | X58: 20 | Y58: 0.48 | Z58: 0.9 | AA58: 110721 | AC58: fubuki
A59: 11073 | B59: DD | C59: 敷波 | D59: J | E59: 30 | F59: 37 | G59: 91 | H59: 38 | I59: 48 | J59: 64 | K59: 92 | L59: 97 | M59: 40 | N59: 38 | O59: 1 | P59: 10 | Q59: 3 | R59: =SUM($S59:$V59) -> 0 | S59: 0 | T59: 0 | U59: 0 | V59: 0 | W59: 15 | X59: 20 | Y59: 0.48 | Z59: 0.9 | AA59: 110701 | AC59: fubuki
A60: 11074 | B60: DD | C60: Z1 | D60: G | E60: 38 | F60: 38 | G60: 79 | H60: 40 | I60: 46 | J60: 66 | K60: 93 | L60: 92 | M60: 35 | N60: 38.2 | O60: 1 | P60: 15 | Q60: 3 | R60: =SUM($S60:$V60) -> 0 | S60: 0 | T60: 0 | U60: 0 | V60: 0 | W60: 10 | X60: 20 | Y60: 0.48 | Z60: 0.99 | AA60: 110741 | AC60: z-ship
A61: 11075 | B61: DD | C61: Z16 | D61: G | E61: 38 | F61: 38 | G61: 79 | H61: 40 | I61: 46 | J61: 66 | K61: 93 | L61: 92 | M61: 33 | N61: 38.2 | O61: 1 | P61: 10 | Q61: 3 | R61: =SUM($S61:$V61) -> 0 | S61: 0 | T61: 0 | U61: 0 | V61: 0 | W61: 10 | X61: 20 | Y61: 0.48 | Z61: 0.99 | AA61: 110751 | AB61: 110752 | AC61: z-ship
A62: 11076 | B62: DD | C62: Z21 | D62: G | E62: 40 | F62: 40 | G62: 81 | H62: 41 | I62: 45 | J62: 66 | K62: 93 | L62: 92 | M62: 35 | N62: 38.5 | O62: 1 | P62: 10 | Q62: 3 | R62: =SUM($S62:$V62) -> 0 | S62: 0 | T62: 0 | U62: 0 | V62: 0 | W62: 10 | X62: 20 | Y62: 0.48 | Z62: 0.99 | AA62: 110761 | AC62: z-ship
A63: 11077 | B63: DD | C63: Z22 | D63: G | E63: 40 | F63: 40 | G63: 81 | H63: 41 | I63: 47 | J63: 66 | K63: 93 | L63: 92 | M63: 35 | N63: 38.5 | O63: 1 | P63: 10 | Q63: 3 | R63: =SUM($S63:$V63) -> 0 | S63: 0 | T63: 0 | U63: 0 | V63: 0 | W63: 10 | X63: 20 | Y63: 0.48 | Z63: 0.99 | AA63: 110771 | AC63: z-ship
A64: 11078 | B64: DD | C64: Z24 | D64: G | E64: 40 | F64: 40 | G64: 79 | H64: 37 | I64: 51 | J64: 69 | K64: 93 | L64: 90 | M64: 41 | N64: 36 | O64: 1 | P64: 10 | Q64: 3 | R64: =SUM($S64:$V64) -> 0 | S64: 0 | T64: 0 | U64: 0 | V64: 0 | W64: 10 | X64: 20 | Y64: 0.48 | Z64: 0.99 | AA64: 110781 | AC64: z-ship
A65: 11079 | B65: DD | C65: Z28 | D65: G | E65: 40 | F65: 39 | G65: 79 | H65: 37 | I65: 53 | J65: 69 | K65: 93 | L65: 90 | M65: 41 | N65: 36 | O65: 1 | P65: 10 | Q65: 3 | R65: =SUM($S65:$V65) -> 0 | S65: 0 | T65: 0 | U65: 0 | V65: 0 | W65: 15 | X65: 20 | Y65: 0.48 | Z65: 0.99 | AA65: 110791 | AC65: z-ship
A66: 11080 | B66: DD | C66: Z31 | D66: G | E66: 42 | F66: 40 | G66: 79 | H66: 43 | I66: 46 | J66: 66 | K66: 93 | L66: 90 | M66: 33 | N66: 36 | O66: 1 | P66: 10 | Q66: 3 | R66: =SUM($S66:$V66) -> 0 | S66: 0 | T66: 0 | U66: 0 | V66: 0 | W66: 10 | X66: 20 | Y66: 0.48 | Z66: 0.99 | AA66: 110801 | AC66: z-ship
A67: 11081 | B67: DD | C67: 紫石英 | D67: E | E67: 28 | F67: 37 | G67: 65 | H67: 33 | I67: 60 | J67: 94 | K67: 93 | L67: 87 | M67: 34 | N67: 20 | O67: 1 | P67: 13 | Q67: 3 | R67: =SUM($S67:$V67) -> 0 | S67: 0 | T67: 0 | U67: 0 | V67: 0 | W67: 10 | X67: 25 | Y67: 0.48 | Z67: 0.9 | AA67: 110811
A68: 11082 | B68: DD | C68: 萤火虫 | D68: E | E68: 29 | F68: 38 | G68: 79 | H68: 47 | I68: 50 | J68: 77 | K68: 93 | L68: 90 | M68: 34 | N68: 36 | O68: 1 | P68: 8 | Q68: 3 | R68: =SUM($S68:$V68) -> 0 | S68: 0 | T68: 0 | U68: 0 | V68: 0 | W68: 10 | X68: 25 | Y68: 0.48 | Z68: 0.9 | AA68: 110821 | AB68: 110822
A69: 11083 | B69: DD | C69: 标枪 | D69: E | E69: 29 | F69: 40 | G69: 79 | H69: 37 | I69: 55 | J69: 77 | K69: 92 | L69: 90 | M69: 34 | N69: 36 | O69: 1 | P69: 15 | Q69: 3 | R69: =SUM($S69:$V69) -> 0 | S69: 0 | T69: 0 | U69: 0 | V69: 0 | W69: 10 | X69: 25 | Y69: 0.48 | Z69: 0.9 | AA69: 110831
A70: 11084 | B70: DD | C70: 天后 | D70: E | E70: 29 | F70: 40 | G70: 79 | H70: 37 | I70: 55 | J70: 77 | K70: 92 | L70: 91 | M70: 34 | N70: 36 | O70: 1 | P70: 10 | Q70: 3 | R70: =SUM($S70:$V70) -> 0 | S70: 0 | T70: 0 | U70: 0 | V70: 0 | W70: 10 | X70: 25 | Y70: 0.48 | Z70: 0.9 | AA70: 110841
A71: 11085 | B71: DD | C71: 黑背豺 | D71: E | E71: 29 | F71: 40 | G71: 79 | H71: 38 | I71: 55 | J71: 77 | K71: 93 | L71: 90 | M71: 34 | N71: 36 | O71: 1 | P71: 10 | Q71: 3 | R71: =SUM($S71:$V71) -> 0 | S71: 0 | T71: 0 | U71: 0 | V71: 0 | W71: 10 | X71: 25 | Y71: 0.48 | Z71: 0.9 | AA71: 110851
A72: 11086 | B72: DD | C72: 哥萨克人 | D72: E | E72: 32 | F72: 46 | G72: 77 | H72: 40 | I72: 60 | J72: 89 | K72: 92 | L72: 89 | M72: 37 | N72: 35.5 | O72: 1 | P72: 15 | Q72: 3 | R72: =SUM($S72:$V72) -> 0 | S72: 0 | T72: 0 | U72: 0 | V72: 0 | W72: 10 | X72: 25 | Y72: 0.48 | Z72: 0.9 | AA72: 110861
A73: 11087 | B73: DD | C73: 爱斯基摩人 | D73: E | E73: 32 | F73: 46 | G73: 79 | H73: 41 | I73: 65 | J73: 89 | K73: 92 | L73: 89 | M73: 37 | N73: 35.5 | O73: 1 | P73: 22 | Q73: 3 | R73: =SUM($S73:$V73) -> 0 | S73: 0 | T73: 0 | U73: 0 | V73: 0 | W73: 10 | X73: 25 | Y73: 0.48 | Z73: 0.9 | AA73: 110871
A74: 11088 | B74: DD | C74: 旁遮普人 | D74: E | E74: 32 | F74: 46 | G74: 77 | H74: 40 | I74: 62 | J74: 89 | K74: 92 | L74: 89 | M74: 37 | N74: 35.5 | O74: 1 | P74: 10 | Q74: 3 | R74: =SUM($S74:$V74) -> 0 | S74: 0 | T74: 0 | U74: 0 | V74: 0 | W74: 10 | X74: 25 | Y74: 0.48 | Z74: 0.9 | AA74: 110881
A75: 11089 | B75: DD | C75: 弗莱彻 | D75: U | E75: 32 | F75: 41 | G75: 83 | H75: 39 | I75: 80 | J75: 84 | K75: 93 | L75: 91 | M75: 37 | N75: 37 | O75: 1 | P75: 22 | Q75: 3 | R75: =SUM($S75:$V75) -> 0 | S75: 0 | T75: 0 | U75: 0 | V75: 0 | W75: 15 | X75: 25 | Y75: 0.48 | Z75: 0.9 | AA75: 110891
A76: 11092 | B76: DD | C76: 布雷恩 | D76: U | E76: 32 | F76: 41 | G76: 83 | H76: 39 | I76: 85 | J76: 115 | K76: 92 | L76: 91 | M76: 43 | N76: 37 | O76: 1 | P76: 20 | Q76: 3 | R76: =SUM($S76:$V76) -> 0 | S76: 0 | T76: 0 | U76: 0 | V76: 0 | W76: 15 | X76: 25 | Y76: 0.48 | Z76: 0.9 | AA76: 110921
A77: 11093 | B77: DD | C77: 基林 | D77: U | E77: 35 | F77: 43 | G77: 83 | H77: 40 | I77: 75 | J77: 84 | K77: 93 | L77: 86 | M77: 43 | N77: 35 | O77: 1 | P77: 20 | Q77: 3 | R77: =SUM($S77:$V77) -> 0 | S77: 0 | T77: 0 | U77: 0 | V77: 0 | W77: 15 | X77: 25 | Y77: 0.48 | Z77: 0.9 | AA77: 110921 | AB77: 110932
A78: 11094 | B78: AADG | C78: 基阿特 | D78: U | E78: 35 | F78: 48 | G78: 1 | H78: 40 | I78: 80 | J78: 63 | K78: 105 | L78: 88 | M78: 50 | N78: 35 | O78: 1 | P78: 20 | Q78: 3 | R78: =SUM($S78:$V78) -> 36 | S78: 12 | T78: 12 | U78: 12 | V78: 0 | W78: 15 | X78: 40 | Y78: 0.48 | Z78: 0.9 | AA78: 110941
A79: 11097 | B79: ASDG | C79: 长春 | D79: C | E79: 33 | F79: 42 | G79: 1 | H79: 40 | I79: 60 | J79: 0 | K79: 101 | L79: 89 | M79: 42 | N79: 39 | O79: 1 | P79: 25 | Q79: 3 | R79: =SUM($S79:$V79) -> 24 | S79: 8 | T79: 8 | U79: 8 | V79: 0 | W79: 25 | X79: 65 | Y79: 0.48 | Z79: 1.5 | AA79: 110971 | AC79: PLAN4
A80: 11098 | B80: DD | C80: 沃克兰 | D80: F | E80: 35 | F80: 40 | G80: 77 | H80: 32 | I80: 45 | J80: 76 | K80: 92 | L80: 94 | M80: 37 | N80: 40 | O80: 1 | P80: 10 | Q80: 3 | R80: =SUM($S80:$V80) -> 0 | S80: 0 | T80: 0 | U80: 0 | V80: 0 | W80: 10 | X80: 20 | Y80: 0.48 | Z80: 0.9 | AA80: 110981
A81: 11099 | B81: DD | C81: 空想 | D81: F | E81: 37 | F81: 40 | G81: 80 | H81: 34 | I81: 60 | J81: 84 | K81: 95 | L81: 125 | M81: 39 | N81: 45 | O81: 2 | P81: 10 | Q81: 3 | R81: =SUM($S81:$V81) -> 0 | S81: 0 | T81: 0 | U81: 0 | V81: 0 | W81: 40 | X81: 25 | Y81: 0.64 | Z81: 1.2 | AA81: 110991
A82: 11100 | B82: BB | C82: 狮 | D82: E | E82: 88 | F82: 115 | G82: 0 | H82: 106 | I82: 108 | J82: 0 | K82: 103 | L82: 60 | M82: 55 | N82: 28 | O82: 3 | P82: 10 | Q82: 4 | R82: =SUM($S82:$V82) -> 0 | S82: 0 | T82: 0 | U82: 0 | V82: 0 | W82: 140 | X82: 180 | Y82: 4.8 | Z82: 9 | AA82: 111001 | AB82: 111002 | AC82: lion
A83: 11101 | B83: BB | C83: 长门 | D83: J | E83: 80 | F83: 112 | G83: 0 | H83: 99 | I83: 63 | J83: 0 | K83: 101 | L83: 54 | M83: 49 | N83: 25 | O83: 3 | P83: 22 | Q83: 4 | R83: =SUM($S83:$V83) -> 12 | S83: 3 | T83: 3 | U83: 3 | V83: 3 | W83: 95 | X83: 130 | Y83: 3.2 | Z83: 6 | AA83: 110081 | AB83: 110021 | AC83: big_seven
A84: 11102 | B84: BB | C84: 陆奥 | D84: J | E84: 80 | F84: 117 | G84: 0 | H84: 102 | I84: 60 | J84: 0 | K84: 101 | L84: 53 | M84: 48 | N84: 25 | O84: 3 | P84: 7 | Q84: 4 | R84: =SUM($S84:$V84) -> 12 | S84: 3 | T84: 3 | U84: 3 | V84: 3 | W84: 95 | X84: 135 | Y84: 3.2 | Z84: 6 | AA84: 110081 | AB84: 111022 | AC84: big_seven
A85: 11105 | B85: BB | C85: 前卫 | D85: E | E85: 90 | F85: 96 | G85: 0 | H85: 101 | I85: 115 | J85: 0 | K85: 102 | L85: 56 | M85: 50 | N85: 30 | O85: 3 | P85: 15 | Q85: 4 | R85: =SUM($S85:$V85) -> 12 | S85: 3 | T85: 3 | U85: 3 | V85: 3 | W85: 90 | X85: 140 | Y85: 4.2 | Z85: 8 | AA85: 111051 | AB85: 111052
A86: 11106 | B86: BB | C86: 田纳西 | D86: U | E86: 75 | F86: 100 | G86: 0 | H86: 96 | I86: 96 | J86: 0 | K86: 100 | L86: 44 | M86: 47 | N86: 21 | O86: 3 | P86: 20 | Q86: 4 | R86: =SUM($S86:$V86) -> 16 | S86: 4 | T86: 4 | U86: 4 | V86: 4 | W86: 85 | X86: 125 | Y86: 2.5 | Z86: 5.1 | AA86: 111061
A87: 11107 | B87: BB | C87: 加利福尼亚 | D87: U | E87: 75 | F87: 100 | G87: 0 | H87: 96 | I87: 98 | J87: 0 | K87: 100 | L87: 44 | M87: 47 | N87: 21 | O87: 3 | P87: 21 | Q87: 4 | R87: =SUM($S87:$V87) -> 16 | S87: 4 | T87: 4 | U87: 4 | V87: 4 | W87: 85 | X87: 125 | Y87: 2.5 | Z87: 5.1 | AA87: 111071
A88: 11108 | B88: BB | C88: 科罗拉多 | D88: U | E88: 82 | F88: 105 | G88: 0 | H88: 96 | I88: 92 | J88: 0 | K88: 101 | L88: 45 | M88: 45 | N88: 21 | O88: 3 | P88: 22 | Q88: 4 | R88: =SUM($S88:$V88) -> 16 | S88: 4 | T88: 4 | U88: 4 | V88: 4 | W88: 95 | X88: 140 | Y88: 3.2 | Z88: 6 | AA88: 110081 | AC88: big_seven
A89: 11109 | B89: BB | C89: 马里兰 | D89: U | E89: 82 | F89: 105 | G89: 0 | H89: 96 | I89: 98 | J89: 0 | K89: 101 | L89: 45 | M89: 45 | N89: 21 | O89: 3 | P89: 20 | Q89: 4 | R89: =SUM($S89:$V89) -> 16 | S89: 4 | T89: 4 | U89: 4 | V89: 4 | W89: 95 | X89: 140 | Y89: 3.2 | Z89: 6 | AA89: 111091 | AB89: 110081 | AC89: big_seven
A90: 11110 | B90: BB | C90: 西弗吉尼亚 | D90: U | E90: 82 | F90: 107 | G90: 0 | H90: 100 | I90: 102 | J90: 0 | K90: 101 | L90: 45 | M90: 47 | N90: 21 | O90: 3 | P90: 22 | Q90: 4 | R90: =SUM($S90:$V90) -> 12 | S90: 3 | T90: 3 | U90: 3 | V90: 3 | W90: 95 | X90: 140 | Y90: 3.2 | Z90: 6 | AA90: 111101 | AB90: 111102 | AC90: big_seven
A91: 11111 | B91: BB | C91: 华盛顿 | D91: U | E91: 79 | F91: 115 | G91: 0 | H91: 97 | I91: 105 | J91: 0 | K91: 102 | L91: 60 | M91: 51 | N91: 28 | O91: 3 | P91: 20 | Q91: 4 | R91: =SUM($S91:$V91) -> 12 | S91: 3 | T91: 3 | U91: 3 | V91: 3 | W91: 95 | X91: 140 | Y91: 4.2 | Z91: 8 | AA91: 111111 | AB91: 111112
A92: 11112 | B92: BB | C92: 维内托 | D92: I | E92: 80 | F92: 113 | G92: 0 | H92: 104 | I92: 70 | J92: 0 | K92: 102 | L92: 63 | M92: 41 | N92: 31 | O92: 3 | P92: 20 | Q92: 4 | R92: =SUM($S92:$V92) -> 12 | S92: 3 | T92: 3 | U92: 3 | V92: 3 | W92: 90 | X92: 130 | Y92: 4.2 | Z92: 8 | AA92: 111121 | AC92: veneto
A93: 11113 | B93: BB | C93: 黎塞留 | D93: F | E93: 83 | F93: 110 | G93: 0 | H93: 108 | I93: 102 | J93: 0 | K93: 102 | L93: 58 | M93: 46 | N93: 32 | O93: 3 | P93: 30 | Q93: 4 | R93: =SUM($S93:$V93) -> 0 | S93: 0 | T93: 0 | U93: 0 | V93: 0 | W93: 90 | X93: 130 | Y93: 4.2 | Z93: 8 | AA93: 111131 | AB93: 111132
A94: 11117 | B94: AV | C94: 大凤 | D94: J | E94: 82 | F94: 40 | G94: 0 | H94: 85 | I94: 77 | J94: 0 | K94: 97 | L94: 66 | M94: 82 | N94: 33 | O94: 1 | P94: 6 | Q94: 4 | R94: =SUM($S94:$V94) -> 72 | S94: 20 | T94: 25 | U94: 15 | V94: 12 | W94: 70 | X94: 65 | Y94: 2.88 | Z94: 5.4 | AA94: 111171 | AB94: 111172
A95: 11118 | B95: AV | C95: 齐柏林伯爵 | D95: G | E95: 67 | F95: 40 | G95: 0 | H95: 65 | I95: 71 | J95: 0 | K95: 91 | L95: 63 | M95: 72 | N95: 34 | O95: 1 | P95: 7 | Q95: 4 | R95: =SUM($S95:$V95) -> 68 | S95: 16 | T95: 27 | U95: 15 | V95: 10 | W95: 70 | X95: 65 | Y95: 2.1 | Z95: 5.2 | AA95: 111181
A96: 11120 | B96: CV | C96: 约克城 | D96: U | E96: 60 | F96: 45 | G96: 0 | H96: 64 | I96: 83 | J96: 0 | K96: 101 | L96: 60 | M96: 65 | N96: 32 | O96: 1 | P96: 12 | Q96: 4 | R96: =SUM($S96:$V96) -> 83 | S96: 21 | T96: 27 | U96: 23 | V96: 12 | W96: 55 | X96: 65 | Y96: 2.08 | Z96: 4 | AA96: 111201
A97: 11121 | B97: CV | C97: 企业 | D97: U | E97: 60 | F97: 45 | G97: 0 | H97: 68 | I97: 95 | J97: 0 | K97: 102 | L97: 62 | M97: 73 | N97: 32 | O97: 1 | P97: 65 | Q97: 4 | R97: =SUM($S97:$V97) -> 90 | S97: 21 | T97: 26 | U97: 28 | V97: 15 | W97: 60 | X97: 70 | Y97: 2.1 | Z97: 4 | AA97: 111211 | AB97: 111212
A98: 11123 | B98: CVL | C98: 博格 | D98: U | E98: 50 | F98: 30 | G98: 0 | H98: 37 | I98: 73 | J98: 0 | K98: 95 | L98: 46 | M98: 67 | N98: 16.5 | O98: 1 | P98: 26 | Q98: 3 | R98: =SUM($S98:$V98) -> 32 | S98: 16 | T98: 12 | U98: 4 | V98: 0 | W98: 30 | X98: 35 | Y98: 1.12 | Z98: 2.1 | AA98: 111231
A99: 11124 | B99: CVL | C99: 追赶者 | D99: E | E99: 50 | F99: 30 | G99: 0 | H99: 37 | I99: 70 | J99: 16 | K99: 96 | L99: 46 | M99: 67 | N99: 16.5 | O99: 1 | P99: 25 | Q99: 3 | R99: =SUM($S99:$V99) -> 32 | S99: 16 | T99: 12 | U99: 4 | V99: 0 | W99: 30 | X99: 35 | Y99: 1.28 | Z99: 2.4 | AA99: 111231
A100: 11125 | B100: CVL | C100: 埃罗芒什 | D100: F | E100: 55 | F100: 35 | G100: 0 | H100: 41 | I100: 85 | J100: 0 | K100: 95 | L100: 61 | M100: 72 | N100: 25 | O100: 1 | P100: 27 | Q100: 3 | R100: =SUM($S100:$V100) -> 46 | S100: 15 | T100: 23 | U100: 8 | V100: 0 | W100: 50 | X100: 50 | Y100: 1.15 | Z100: 2.2 | AA100: 111251
...

Sheet 装备数据-常规
A1: eid | B1: 种类 | C1: 名称 | D1: 种类-2 | E1: 耐久 | F1: 火力 | G1: 鱼雷 | H1: 装甲 | I1: 对潜 | J1: 索敌 | K1: 命中 | L1: 射程 | M1: 闪避 | N1: 幸运 | O1: 轰炸 | P1: 对空 | Q1: 对空倍率 | R1: 对空补正 | S1: 导弹突防 | T1: 导弹拦截 | U1: 铝耗 | V1: 特效 | W1: 特效-2 | X1: 特效数值 | Y1: 特效数值-2 | Z1: 描述 | AA1: 特效配置
A2: 10026 | B2: MainGun | C2: [战列主炮][超长][30火8空][限1]J国46厘米三连装炮 | D2: 主炮 | F2: 30 | L2: 4 | P2: 8 | Q2: 1 | R2: 0.25 | Z2: 对空补正25%
A3: 10035 | B3: MainGun | C3: [战列主炮][长程][24火2命]U国三联16英寸炮(MK6) | D3: 主炮 | F3: 24 | K3: 2 | L3: 3 | Q3: 1
A4: 10036 | B4: MainGun | C4: [战列主炮][超长][27火3命]U国三联16英寸炮(MK7) | D4: 主炮 | F4: 27 | K4: 3 | L4: 4 | Q4: 1
A5: 10049 | B5: AntiAirGun | C5: [防空]U国双联3英寸防空炮 | D5: 防空炮 | F5: 2 | K5: 2 | L5: 1 | P5: 12 | Q5: 3.1 | R5: 0.35 | Z5: 对空补正35%；对空倍率3.1
A6: 10068 | B6: Bomber | C6: [舰爆][10轰1空]BTD-1毁灭者 | D6: 轰炸机 | I6: 3 | O6: 10 | P6: 1 | Q6: 1 | U6: 5 | Z6: 铝耗5
A7: 10082 | B7: Radar | C7: [雷达][7索5命]改良型对海雷达 | D7: 雷达 | J7: 7 | K7: 5 | Q7: 1
A8: 10084 | B8: Sonar | C8: [声纳][10对潜]改良型声纳 | D8: 声纳 | I8: 10 | K8: 2 | Q8: 1
A9: 10094 | B9: Accessory | C9: [部件][闪避]改良型动力系统 | D9: 强化部件 | M9: 10 | Q9: 1
A10: 10095 | B10: Accessory | C10: [中船部件][装甲]附加装甲(中型) | D10: 强化部件 | H10: 7 | M10: -2 | Q10: 1
A11: 10096 | B11: Accessory | C11: [大船部件][装甲]附加装甲(大型) | D11: 强化部件 | H11: 9 | M11: -3 | Q11: 1
A12: 10102 | B12: MainGun | C12: [战列主炮][超长][25火1命]F国四联380毫米炮 | D12: 主炮 | F12: 25 | K12: 1 | L12: 4 | Q12: 1
A13: 10106 | B13: Radar | C13: [雷达][7索3命]先进型对空雷达 | D13: 雷达 | J13: 7 | K13: 3 | P13: 6 | Q13: 3.3 | R13: 0.4 | Z13: 对空补正40%；对空倍率3.3
A14: 10107 | B14: Radar | C14: [雷达][10索6命][限2]先进型对海雷达 | D14: 雷达 | J14: 10 | K14: 6 | M14: 3 | Q14: 1
A15: 10111 | B15: Sonar | C15: [声纳][12对潜][限1]先进型声纳 | D15: 声纳 | I15: 12 | K15: 3 | Q15: 1
A16: 10112 | B16: DepthMine | C16: [深投][10对潜]先进型深弹投射器 | D16: 深投 | I16: 10 | L16: 1 | Q16: 1
A17: 10113 | B17: DepthMine | C17: [深投][9对潜]捕鼠器深弹投射器 | D17: 深投 | I17: 9 | K17: 2 | L17: 1 | Q17: 1
A18: 10114 | B18: DepthMine | C18: [深投][15对潜]刺猬弹深弹投射器 | D18: 深投 | I18: 15 | K18: 5 | L18: 1 | Q18: 1
A19: 10115 | B19: Accessory | C19: [部件][装甲]附加装甲(小型) | D19: 强化部件 | H19: 5 | M19: -1 | Q19: 1
A20: 10116 | B20: Accessory | C20: [部件][闪避]先进型动力系统 | D20: 强化部件 | M20: 12 | Q20: 1
A21: 10117 | B21: Accessory | C21: [部件][闪避]发烟筒 | D21: 强化部件 | K21: -5 | M21: 15 | Q21: 1 | Z21: 重巡以下船只专用（航母类不能使用）
A22: 10127 | B22: Bomber | C22: [舰爆][20轰][高轰]B-25(杜立特队) | D22: 轰炸机 | O22: 20 | Q22: 1 | U22: 15 | Z22: 铝耗15
A23: 10129 | B23: Shell | C23: [炮弹][上限]超重弹 | D23: 炮弹 | F23: 5 | Q23: 1 | V23: 004 | W23: 4 | X23: 0.25 | Y23: {'num': 25} | Z23: 炮击战阶段增加25%攻击上限（同类弹药效果只会生效一个） | AA23: uplimit_buff:0.25
A24: 10130 | B24: Shell | C24: [炮弹][穿甲]91式穿甲弹 | D24: 炮弹 | F24: 6 | K24: 1 | Q24: 1 | V24: 003 | W24: 3 | X24: 0.2 | Y24: {'ap': 0.2} | Z24: 增加20%护甲穿透（同类弹药效果只生效一个） | AA24: pierce_coef:0.2
A25: 10140 | B25: DiveBomber | C25: [舰攻][16雷][限1]XTB2D空中海盗 | D25: 鱼雷机 | G25: 16 | I25: 3 | Q25: 1 | U25: 9 | Z25: 铝耗9
A26: 10145 | B26: Bomber | C26: [水爆][5轰2空]瑞云 | D26: 轰炸机 | I26: 2 | O26: 5 | P26: 2 | Q26: 1 | U26: 4 | Z26: 铝耗4
A27: 10146 | B27: Bomber | C27: [水爆][8轰]晴岚 | D27: 轰炸机 | O27: 8 | Q27: 1 | U27: 4 | Z27: 铝耗4
A28: 10147 | B28: MainGun | C28: [战列主炮][长程][26火]E国三联16英寸炮(改) | D28: 主炮 | F28: 26 | L28: 3 | Q28: 1
A29: 10151 | B29: Torpedo | C29: [鱼雷][12雷][限1]61厘米五连装氧气鱼雷 | D29: 鱼雷 | G29: 12 | K29: 1 | Q29: 1
A30: 10152 | B30: Torpedo | C30: [潜用鱼雷][15雷]53厘米氧气鱼雷(潜艇) | D30: 鱼雷 | G30: 15 | K30: 2 | Q30: 1
A31: 10153 | B31: Torpedo | C31: [潜用鱼雷][12雷]533毫米磁性鱼雷(潜艇) | D31: 鱼雷 | G31: 12 | K31: 4 | Q31: 1
A32: 10154 | B32: Torpedo | C32: [潜用鱼雷][12雷]21英寸鱼雷(潜艇) | D32: 鱼雷 | G32: 12 | K32: 1 | Q32: 1
A33: 10155 | B33: AntiAirGun | C33: [防空]E国博福斯40毫米防空机炮(六联) | D33: 防空炮 | F33: 3 | K33: 1 | L33: 1 | P33: 11 | Q33: 3.1 | R33: 0.35 | Z33: 对空补正35%；对空倍率3.1
A34: 10157 | B34: Radar | C34: [雷达][6索8命]E国274型雷达 | D34: 雷达 | J34: 6 | K34: 8 | Q34: 1
A35: 10169 | B35: Accessory | C35: [部件][装甲]普列塞水下防护系统 | D35: 强化部件 | H35: 8 | M35: 1 | Q35: 1
A36: 10170 | B36: Accessory | C36: [部件][降索敌]意式餐具套装 | D36: 强化部件 | J36: -3 | K36: 3 | N36: 3 | Q36: 1
A37: 10174 | B37: Torpedo | C37: [鱼雷][5雷3闪]F国旋转鱼雷发射器 | D37: 鱼雷 | G37: 5 | M37: 3 | Q37: 1
A38: 10177 | B38: MainGun | C38: [轻巡主炮][长程][8火]S国三联180毫米炮 | D38: 主炮 | F38: 8 | L38: 3 | Q38: 1
A39: 10191 | B39: MainGun | C39: [重巡主炮][中程][10火2命]U国三联8英寸炮(MK12/15) | D39: 主炮 | F39: 10 | K39: 2 | L39: 2 | Q39: 1
A40: 10213 | B40: Torpedo | C40: [潜用鱼雷][15雷]MK.16鱼雷（潜艇） | D40: 鱼雷 | G40: 15 | K40: 3 | Q40: 1
A41: 10215 | B41: Accessory | C41: [部件][中保+1]贝阿朵莉丝·鱼饼 | D41: 强化部件 | E41: 1 | N41: -3 | Q41: 1 | W41: 6 | Z41: 装备后舰船耐久+1
A42: 10216 | B42: Accessory | C42: [部件][中保-1]贝尔麦坎·三世 | D42: 强化部件 | E42: -1 | N42: 3 | Q42: 1 | W42: 6 | Z42: 装备后舰船耐久-1
A43: 10217 | B43: Fighter | C43: [舰战][13空][限1]P-39（波克雷什金机） | D43: 战斗机 | F43: 2 | K43: 5 | P43: 13 | Q43: 1 | U43: 5 | Z43: 铝耗5
A44: 10218 | B44: Fighter | C44: [舰战][12空][限1]F4U（波音顿机） | D44: 战斗机 | K44: 3 | M44: 3 | P44: 12 | Q44: 1 | U44: 5 | Z44: 铝耗5
A45: 10220 | B45: Fighter | C45: [舰战][12空][限1]BF-109E（加兰德机） | D45: 战斗机 | K45: 3 | N45: 3 | P45: 12 | Q45: 1 | U45: 5 | Z45: 铝耗5
A46: 10221 | B46: Fighter | C46: [舰战][13空][限1]LA-7（阔日杜布机） | D46: 战斗机 | M46: 2 | N46: 3 | P46: 13 | Q46: 1 | U46: 5 | Z46: 铝耗5
A47: 10222 | B47: MainGun | C47: [战列主炮][超长][32火][限1]G国双联533毫米炮 | D47: 主炮 | F47: 32 | L47: 4 | M47: -3 | Q47: 1
A48: 10224 | B48: MainGun | C48: [战列主炮][超长][28火1命][限1]U国双联18英寸炮 | D48: 主炮 | F48: 28 | K48: 1 | L48: 4 | Q48: 1
A49: 10225 | B49: Torpedo | C49: [鱼雷][15雷][限2]72厘米三连装鱼雷 | D49: 鱼雷 | G49: 15 | Q49: 1
A50: 10226 | B50: MainGun | C50: [战列主炮][超长][27火5空][限1]J国试制48厘米连装炮 | D50: 主炮 | F50: 27 | L50: 4 | P50: 5 | Q50: 1 | R50: 0.25 | Z50: 对空补正25%
A51: 10229 | B51: Torpedo | C51: [潜用鱼雷][12雷3闪]G7eT10线导鱼雷(潜艇) | D51: 鱼雷 | G51: 12 | K51: 6 | M51: 3 | Q51: 1
A52: 10230 | B52: Bomber | C52: [舰爆][21轰][高轰][限1]A-2 | D52: 轰炸机 | I52: 5 | L52: 0 | O52: 21 | Q52: 1 | U52: 15 | Z52: 铝耗15
A53: 10232 | B53: MainGun | C53: [战列主炮][超长][25火3命][衣阿华]早期型U国三联16英寸炮（MK7） | D53: 主炮 | F53: 25 | K53: 3 | L53: 4 | Q53: 1 | Z53: 早期试用型，仅限衣阿华级装备
A54: 10239 | B54: MainGun | C54: [重巡主炮][长程][12火2命]MK.16三联8英寸自动炮 | D54: 主炮 | F54: 12 | K54: 2 | L54: 3 | Q54: 1
A55: 10243 | B55: Fighter | C55: [舰战][15空][限1]F2H报丧女妖 | D55: 战斗机 | P55: 15 | Q55: 1 | U55: 8 | Z55: 铝耗8
A56: 10249 | B56: DiveBomber | C56: [舰攻][15雷][限1]图-91 | D56: 鱼雷机 | G56: 15 | I56: 3 | K56: 2 | Q56: 1 | U56: 8 | Z56: 铝耗8
A57: 10251 | B57: Launcher | C57: [发射/导]上游-1发射器 | D57: 导弹发射器 | F57: 2 | K57: 2 | Q57: 1
A58: 10252 | B58: NormalMissile | C58: [导弹]上游-1导弹 | D58: 导弹 | F58: 20 | Q58: 1 | S58: 20 | U58: 10 | V58: 003 | W58: 3 | X58: 0.1 | Y58: {'ap': 0.1} | Z58: 增加10%护甲穿透效果；铝耗10 | AA58: pierce_coef:0.1
A59: 10253 | B59: Launcher | C59: [发射/防]MK-10导弹发射器 | D59: 防空导弹发射器 | K59: 3 | Q59: 1
A60: 10254 | B60: AntiMissile | C60: [防导][15火25拦]小猎犬导弹 | D60: 防空导弹 | F60: 15 | P60: 17 | Q60: 3.7 | R60: 0.73 | T60: 25 | U60: 9 | W60: 6 | Z60: 对空补正73%；对空倍率3.7；铝耗9
A61: 10255 | B61: Accessory | C61: [部件][中保+2]合味道 | D61: 强化部件 | E61: 2 | N61: 6 | Q61: 1 | W61: 6
A62: 10260 | B62: MainGun | C62: [重巡主炮][长程][10火][限1]G国三联203毫米炮 | D62: 主炮 | F62: 10 | L62: 3 | Q62: 1
A63: 10261 | B63: DiveBomber | C63: [舰攻][10雷6空][限1]“火把”鱼雷战斗机 | D63: 鱼雷机 | G63: 10 | I63: 5 | P63: 6 | Q63: 1 | U63: 5 | Z63: 铝耗5
A64: 10262 | B64: Accessory | C64: [部件][闪避][限1]新型高压锅炉 | D64: 强化部件 | K64: 2 | M64: 10 | N64: 2 | Q64: 1
A65: 10264 | B65: NormalMissile | C65: [导弹][限1]C-301反舰导弹 | D65: 导弹 | F65: 27 | Q65: 1 | S65: 23 | U65: 13 | V65: 003 | W65: 3 | X65: 0.15 | Y65: {'ap': 0.15} | Z65: 增加15%护甲穿透效果；铝耗13 | AA65: pierce_coef:0.15
A66: 10265 | B66: Fighter | C66: [水战][11空][限2]SR.A/1水上战斗机 | D66: 战斗机 | P66: 11 | Q66: 1 | U66: 5 | Z66: 铝耗5
A67: 10266 | B67: NormalMissile | C67: [导弹][限2]“企鹅”反舰导弹 | D67: 导弹 | F67: 10 | Q67: 1 | S67: 27 | U67: 4 | V67: 003 | W67: 3 | X67: 0.05 | Y67: {'ap': 0.05} | Z67: 增加5%护甲穿透效果；铝耗4 | AA67: pierce_coef:0.05
A68: 10267 | B68: MainGun | C68: [战列主炮][超长][27火2空][减益]I国三联381毫米炮改 | D68: 主炮 | F68: 27 | K68: -2 | L68: 4 | P68: 2 | Q68: 1.1 | Z68: 对空倍率1.1
A69: 10269 | B69: MainGun | C69: [重巡主炮][长程][13火][限1]U国双联12英寸炮（CB） | D69: 主炮 | F69: 13 | L69: 3 | Q69: 1
A70: 10272 | B70: DiveBomber | C70: [舰攻][6雷9空]G.55S | D70: 鱼雷机 | G70: 6 | I70: 2 | P70: 9 | Q70: 1 | U70: 5 | Z70: 铝耗5
A71: 10275 | B71: Fighter | C71: [舰战][14空][限1]海流星战斗机 | D71: 战斗机 | M71: 1 | P71: 14 | Q71: 1 | U71: 7 | Z71: 铝耗7
A72: 10279 | B72: MainGun | C72: [战列主炮][超长][27火]E国18英寸双联主炮 | D72: 主炮 | F72: 27 | L72: 4 | Q72: 1 | R72: 0.35 | Z72: 对空补正35%
A73: 10282 | B73: Accessory | C73: [部件][中保-1]飞翔的怀特 | D73: 强化部件 | E73: -1 | G73: 3 | Q73: 1 | X73: 6
A74: 10285 | B74: AntiAirGun | C74: [防空]S国СМ-20-ЗИФ四联45毫米高炮 | D74: 防空炮 | F74: 2 | L74: 1 | M74: 1 | P74: 10 | Q74: 3 | R74: 0.4 | Z74: 对空补正40%；对空倍率3
A75: 10286 | B75: AntiAirGun | C75: [防空]博福斯M1951双联57毫米高炮 | D75: 防空炮 | F75: 1 | L75: 1 | M75: 3 | P75: 9 | Q75: 3.1 | R75: 0.45 | Z75: 对空补正45%；对空倍率3.1
A76: 10292 | B76: Torpedo | C76: [鱼雷][12雷2闪][限2]61厘米四连F3试制鱼雷 | D76: 鱼雷 | G76: 12 | K76: 1 | M76: 2 | Q76: 1
A77: 10295 | B77: MainGun | C77: [重巡主炮][长程][9火2命]254毫米博福斯双联主炮 | D77: 主炮 | F77: 9 | K77: 2 | L77: 3 | Q77: 1
A78: 10301 | B78: MainGun | C78: [轻巡主炮][长程][9火2命][限2]S国改良型三联180毫米炮 | D78: 主炮 | F78: 9 | K78: 2 | L78: 3 | Q78: 1
A79: 10302 | B79: MainGun | C79: [战列主炮][长程][28火][限1]F国M1920型三联450毫米主炮 | D79: 主炮 | F79: 28 | L79: 3 | Q79: 1
A80: 10304 | B80: AntiAirGun | C80: [防空][限1]“海猫”近程舰对空导弹 | D80: 防空炮 | L80: 1 | M80: 2 | P80: 13 | Q80: 3.3 | R80: 0.5 | Z80: 对空补正50%；对空倍率3.3
A81: 10305 | B81: Bomber | C81: [爆战][8轰5空][对潜][限1]萤火虫AS.MK5 | D81: 轰炸机 | I81: 8 | O81: 8 | P81: 5 | Q81: 1 | U81: 6 | Z81: 铝耗6
A82: 10306 | B82: MainGun | C82: [战列主炮][长程][24火5空]J国试制41厘米三连主炮 | D82: 主炮 | F82: 24 | L82: 3 | P82: 5 | Q82: 1 | R82: 0.25 | Z82: 对空补正25%
A83: 10317 | B83: MainGun | C83: [轻巡主炮][长程][10火][限2]Ar国双联24厘米炮 | D83: 主炮 | F83: 10 | L83: 3 | Q83: 1
A84: 10318 | B84: Torpedo | C84: [潜用鱼雷][12雷6闪][限1]G7es声导鱼雷 | D84: 鱼雷 | G84: 12 | K84: 3 | M84: 6 | Q84: 1
A85: 10319 | B85: NormalMissile | C85: [导弹][限2]萨博08反舰导弹 | D85: 导弹 | F85: 20 | Q85: 1 | S85: 20 | U85: 9 | Z85: 铝耗9
A86: 10321 | B86: MainGun | C86: [战列主炮][长程][27火][限1]I国双联45.7厘米炮 | D86: 主炮 | F86: 27 | L86: 3 | M86: 2 | Q86: 1
A87: 10322 | B87: MainGun | C87: [轻巡主炮][中程][9火1命1运]E国双联9.2英寸炮 | D87: 主炮 | F87: 9 | K87: 1 | L87: 2 | N87: 1 | Q87: 1
A88: 10327 | B88: Fighter | C88: [舰战][13空][限1]F4U（足球战争） | D88: 战斗机 | N88: 3 | P88: 13 | Q88: 1 | U88: 5 | Z88: 铝耗5
A89: 10329 | B89: NormalMissile | C89: [导弹]“狗鱼”反舰导弹 | D89: 导弹 | F89: 18 | Q89: 1 | S89: 18 | U89: 8 | Z89: 铝耗8
A90: 10330 | B90: AntiAirGun | C90: [防空][限1]S国ЗИФ-75四联57毫米高炮 | D90: 防空炮 | F90: 2 | L90: 1 | M90: 2 | P90: 11 | Q90: 3.2 | Z90: 对空倍率3.2
A91: 10331 | B91: MainGun | C91: [轻巡主炮][中程][10火8空]E国双联MK.N5型6英寸高平速射炮 | D91: 主炮 | F91: 10 | L91: 2 | P91: 8 | Q91: 2.8 | R91: 0.3 | Z91: 对空补正30%；对空倍率2.8
A92: 10332 | B92: Launcher | C92: [发射/导]СМ-59-1发射架 | D92: 导弹发射器 | F92: 2 | M92: 2 | Q92: 1
A93: 10334 | B93: MainGun | C93: [战列主炮][长程][27火6空][限1]J国双联长管46厘米主炮 | D93: 主炮 | F93: 27 | L93: 3 | P93: 6 | Q93: 1 | R93: 0.3 | Z93: 对空补正30%
A94: 10335 | B94: DiveBomber | C94: [舰攻][12雷][限1]“旗鱼”攻击机 | D94: 鱼雷机 | G94: 12 | I94: 5 | Q94: 1 | U94: 6 | Z94: 铝耗6
A95: 10336 | B95: Torpedo | C95: [潜用鱼雷][17雷][限2]九五式2型鱼雷（潜艇） | D95: 鱼雷 | G95: 17 | K95: 2 | Q95: 1
A96: 10339 | B96: DepthMine | C96: [深投][15对潜3火][限1]РБУ-2500反潜火箭弹 | D96: 深投 | F96: 3 | I96: 15 | K96: 3 | L96: 1 | Q96: 1
A97: 10340 | B97: Torpedo | C97: [鱼雷][14雷][限2]九三式3型鱼雷（四联） | D97: 鱼雷 | G97: 14 | K97: 1 | Q97: 1
A98: 10341 | B98: Fighter | C98: [舰战][15空][限1]F9F“黑豹” | D98: 战斗机 | O98: 4 | P98: 15 | Q98: 1 | U98: 9 | Z98: 铝耗9
A99: 10343 | B99: MainGun | C99: [战列主炮][长程][29火][限1]U国三联18英寸炮 | D99: 主炮 | F99: 29 | L99: 3 | M99: -2 | Q99: 1
A100: 10345 | B100: MainGun | C100: [重巡主炮][中程][15火][限1]U国双联背负式12/8英寸炮 | D100: 主炮 | F100: 15 | L100: 2 | Q100: 1
...

Sheet 舰船数据-深海
A1: cid | B1: 舰种 | C1: 名称 | D1: 国籍 | E1: 等级 | F1: 耐久 | G1: 火力 | H1: 鱼雷 | I1: 装甲 | J1: 对空 | K1: 对潜 | L1: 命中 | M1: 回避 | N1: 索敌 | O1: 航速 | P1: 射程 | Q1: 幸运 | R1: 装备1 | S1: 装备2 | T1: 装备3 | U1: 装备4 | V1: 总搭载 | W1: 搭载1 | X1: 搭载2 | Y1: 搭载3 | Z1: 搭载4 | AA1: 技能1 | AB1: 技能2 | AC1: 标签 | AD1: 备注
A2: 00000 | B2: BB | C2: 测试靶舰 | D2: Enemy | E2: 100 | F2: 9999 | G2: 0 | H2: 0 | I2: 180 | J2: 150 | K2: 0 | L2: 0 | M2: 100 | N2: 0 | O2: 27 | P2: 3 | Q2: 0 | R2: 对海雷达Ⅱ型 | V2: =SUM(W2:Z2) -> 0 | W2: 0 | X2: 0 | Y2: 0 | Z2: 0
A3: 00001 | B3: DD | C3: 驱逐Α级Ⅰ型 | D3: Enemy | E3: 1 | F3: 20 | G3: 5 | H3: 15 | I3: 5 | J3: 6 | K3: 25 | L3: 15 | M3: 14 | N3: 3 | O3: 35 | P3: 1 | Q3: 1 | R3: 小型单装炮 | V3: =SUM(W3:Z3) -> 0 | W3: 0 | X3: 0 | Y3: 0 | Z3: 0
A4: 00002 | B4: DD | C4: 驱逐Α级Ⅱ型 | D4: Enemy | E4: 17 | F4: 30 | G4: 15 | H4: 32 | I4: 12 | J4: 10 | K4: 35 | L4: 30 | M4: 30 | N4: 6 | O4: 40 | P4: 1 | Q4: 10 | R4: 小型单装炮 | S4: 大型鱼雷Ⅱ型 | V4: =SUM(W4:Z4) -> 0 | W4: 0 | X4: 0 | Y4: 0 | Z4: 0
A5: 00003 | B5: DD | C5: 驱逐Α级Ⅲ型 | D5: Enemy | E5: 53 | F5: 39 | G5: 32 | H5: 60 | I5: 24 | J5: 14 | K5: 82 | L5: 60 | M5: 60 | N5: 10 | O5: 45 | P5: 1 | Q5: 30 | R5: 对空雷达Ⅱ型 | S5: 深海声纳Ⅰ型 | T5: 深海深弹投射器Ⅰ型 | V5: =SUM(W5:Z5) -> 0 | W5: 0 | X5: 0 | Y5: 0 | Z5: 0
A6: 00004 | B6: DD | C6: 驱逐Α级Ⅳ型 | D6: Enemy | E6: 77 | F6: 44 | G6: 38 | H6: 77 | I6: 28 | J6: 18 | K6: 90 | L6: 80 | M6: 80 | N6: 12 | O6: 45 | P6: 1 | Q6: 50 | R6: 对空雷达Ⅲ型 | S6: 深海声纳Ⅱ型 | T6: 深海深弹投射器Ⅰ型 | V6: =SUM(W6:Z6) -> 0 | W6: 0 | X6: 0 | Y6: 0 | Z6: 0
A7: 00005 | B7: DD | C7: 驱逐Δ级Ⅰ型 | D7: Enemy | E7: 3 | F7: 28 | G7: 8 | H7: 24 | I7: 9 | J7: 8 | K7: 35 | L7: 18 | M7: 18 | N7: 4 | O7: 35 | P7: 1 | Q7: 5 | R7: 小型连装炮 | S7: 大型鱼雷Ⅰ型 | V7: =SUM(W7:Z7) -> 0 | W7: 0 | X7: 0 | Y7: 0 | Z7: 0
A8: 00006 | B8: DD | C8: 驱逐Δ级Ⅱ型 | D8: Enemy | E8: 29 | F8: 45 | G8: 20 | H8: 40 | I8: 18 | J8: 12 | K8: 45 | L8: 40 | M8: 40 | N8: 7 | O8: 40 | P8: 1 | Q8: 10 | R8: 小型连装炮 | S8: 大型鱼雷Ⅲ型 | V8: =SUM(W8:Z8) -> 0 | W8: 0 | X8: 0 | Y8: 0 | Z8: 0
A9: 00007 | B9: DD | C9: 驱逐Δ级Ⅲ型 | D9: Enemy | E9: 59 | F9: 50 | G9: 25 | H9: 60 | I9: 23 | J9: 16 | K9: 68 | L9: 65 | M9: 65 | N9: 10 | O9: 45 | P9: 1 | Q9: 30 | R9: 小型连装炮 | S9: 小型连装炮 | T9: 大型鱼雷Ⅲ型 | V9: =SUM(W9:Z9) -> 0 | W9: 0 | X9: 0 | Y9: 0 | Z9: 0
A10: 00008 | B10: DD | C10: 驱逐Γ级Ⅰ型 | D10: Enemy | E10: 1 | F10: 24 | G10: 6 | H10: 16 | I10: 7 | J10: 6 | K10: 30 | L10: 16 | M10: 16 | N10: 4 | O10: 35 | P10: 1 | Q10: 1 | R10: 小型连装炮 | S10: 大型鱼雷Ⅰ型 | V10: =SUM(W10:Z10) -> 0 | W10: 0 | X10: 0 | Y10: 0 | Z10: 0
A11: 00009 | B11: DD | C11: 驱逐Γ级Ⅱ型 | D11: Enemy | E11: 23 | F11: 40 | G11: 15 | H11: 32 | I11: 16 | J11: 10 | K11: 40 | L11: 35 | M11: 35 | N11: 7 | O11: 40 | P11: 1 | Q11: 10 | R11: 小型连装炮 | S11: 大型鱼雷Ⅲ型 | V11: =SUM(W11:Z11) -> 0 | W11: 0 | X11: 0 | Y11: 0 | Z11: 0
A12: 00010 | B12: DD | C12: 驱逐Γ级Ⅲ型 | D12: Enemy | E12: 46 | F12: 47 | G12: 30 | H12: 60 | I12: 27 | J12: 14 | K12: 60 | L12: 54 | M12: 54 | N12: 12 | O12: 45 | P12: 1 | Q12: 20 | R12: 小型连装炮 | S12: 大型鱼雷Ⅲ型 | T12: 深海深弹投射器Ⅰ型 | V12: =SUM(W12:Z12) -> 0 | W12: 0 | X12: 0 | Y12: 0 | Z12: 0
A13: 00011 | B13: DD | C13: 驱逐Γ级Ⅳ型 | D13: Enemy | E13: 65 | F13: 53 | G13: 42 | H13: 80 | I13: 33 | J13: 20 | K13: 80 | L13: 70 | M13: 70 | N13: 15 | O13: 45 | P13: 1 | Q13: 30 | R13: 小型连装炮 | S13: 大型鱼雷Ⅲ型 | T13: 深海深弹投射器Ⅰ型 | V13: =SUM(W13:Z13) -> 0 | W13: 0 | X13: 0 | Y13: 0 | Z13: 0
A14: 00012 | B14: DD | C14: 驱逐Β级Ⅰ型 | D14: Enemy | E14: 1 | F14: 22 | G14: 7 | H14: 16 | I14: 6 | J14: 7 | K14: 25 | L14: 15 | M14: 15 | N14: 3 | O14: 35 | P14: 1 | Q14: 1 | R14: 小型连装炮 | V14: =SUM(W14:Z14) -> 0 | W14: 0 | X14: 0 | Y14: 0 | Z14: 0
A15: 00013 | B15: DD | C15: 驱逐Β级Ⅱ型 | D15: Enemy | E15: 17 | F15: 35 | G15: 20 | H15: 32 | I15: 14 | J15: 12 | K15: 35 | L15: 30 | M15: 30 | N15: 6 | O15: 40 | P15: 1 | Q15: 10 | R15: 小型连装炮 | S15: 大型鱼雷Ⅱ型 | V15: =SUM(W15:Z15) -> 0 | W15: 0 | X15: 0 | Y15: 0 | Z15: 0
A16: 00014 | B16: DD | C16: 驱逐Β级Ⅲ型 | D16: Enemy | E16: 44 | F16: 43 | G16: 33 | H16: 60 | I16: 24 | J16: 15 | K16: 55 | L16: 52 | M16: 52 | N16: 10 | O16: 45 | P16: 1 | Q16: 20 | R16: 小型连装炮 | S16: 大型鱼雷Ⅲ型 | T16: 深海深弹投射器Ⅰ型 | V16: =SUM(W16:Z16) -> 0 | W16: 0 | X16: 0 | Y16: 0 | Z16: 0
A17: 00015 | B17: DD | C17: 驱逐Β级Ⅳ型 | D17: Enemy | E17: 67 | F17: 51 | G17: 42 | H17: 80 | I17: 30 | J17: 20 | K17: 78 | L17: 72 | M17: 72 | N17: 12 | O17: 45 | P17: 1 | Q17: 30 | R17: 小型连装炮 | S17: 大型鱼雷Ⅲ型 | T17: 深海深弹投射器Ⅰ型 | V17: =SUM(W17:Z17) -> 0 | W17: 0 | X17: 0 | Y17: 0 | Z17: 0
A18: 00016 | B18: CV | C18: 航母Ο级Ⅰ型 | D18: Enemy | E18: 3 | F18: 85 | G18: 10 | H18: 0 | I18: 40 | J18: 30 | K18: 0 | L18: 18 | M18: 3 | N18: 40 | O18: 25 | P18: 1 | Q18: 1 | R18: 深海战斗机Ⅰ型 | S18: 深海轰炸机Ⅰ型 | T18: 深海鱼雷机Ⅰ型 | V18: =SUM(W18:Z18) -> 81 | W18: 27 | X18: 27 | Y18: 27 | Z18: 0
A19: 00017 | B19: CV | C19: 航母Ο级Ⅱ型 | D19: Enemy | E19: 22 | F19: 88 | G19: 20 | H19: 0 | I19: 55 | J19: 40 | K19: 0 | L19: 34 | M19: 12 | N19: 50 | O19: 30 | P19: 1 | Q19: 10 | R19: 深海战斗机Ⅱ型 | S19: 深海鱼雷机Ⅱ型 | T19: 深海轰炸机Ⅱ型 | V19: =SUM(W19:Z19) -> 90 | W19: 30 | X19: 30 | Y19: 30 | Z19: 0
A20: 00018 | B20: CV | C20: 航母Ο级Ⅲ型 | D20: Enemy | E20: 47 | F20: 96 | G20: 35 | H20: 0 | I20: 80 | J20: 50 | K20: 0 | L20: 55 | M20: 45 | N20: 50 | O20: 35 | P20: 1 | Q20: 20 | R20: 深海战斗机Ⅱ型 | S20: 深海鱼雷机Ⅱ型 | T20: 深海轰炸机Ⅱ型 | V20: =SUM(W20:Z20) -> 96 | W20: 32 | X20: 32 | Y20: 32 | Z20: 0
A21: 00019 | B21: CV | C21: 航母Ο级Ⅳ型 | D21: Enemy | E21: 71 | F21: 160 | G21: 50 | H21: 0 | I21: 120 | J21: 70 | K21: 0 | L21: 75 | M21: 50 | N21: 60 | O21: 35 | P21: 1 | Q21: 30 | R21: 深海战斗机Ⅲ型 | S21: 深海轰炸机Ⅱ型 | T21: 深海鱼雷机Ⅱ型 | V21: =SUM(W21:Z21) -> 144 | W21: 36 | X21: 36 | Y21: 36 | Z21: 36
A22: 00020 | B22: CL | C22: 轻巡Η级Ⅰ型 | D22: Enemy | E22: 1 | F22: 39 | G22: 24 | H22: 28 | I22: 20 | J22: 12 | K22: 50 | L22: 15 | M22: 15 | N22: 6 | O22: 30 | P22: 2 | Q22: 5 | R22: 中型连装炮 | S22: 大型鱼雷Ⅰ型 | T22: 深海侦察机 | V22: =SUM(W22:Z22) -> 6 | W22: 2 | X22: 2 | Y22: 2 | Z22: 0
A23: 00021 | B23: CL | C23: 轻巡Η级Ⅱ型 | D23: Enemy | E23: 21 | F23: 55 | G23: 36 | H23: 48 | I23: 36 | J23: 18 | K23: 50 | L23: 33 | M23: 28 | N23: 6 | O23: 33 | P23: 2 | Q23: 10 | R23: 中型连装炮 | S23: 大型鱼雷Ⅰ型 | T23: 深海侦察机 | V23: =SUM(W23:Z23) -> 6 | W23: 2 | X23: 2 | Y23: 2 | Z23: 0
A24: 00022 | B24: CL | C24: 轻巡Η级Ⅲ型 | D24: Enemy | E24: 41 | F24: 56 | G24: 42 | H24: 65 | I24: 39 | J24: 24 | K24: 50 | L24: 50 | M24: 47 | N24: 6 | O24: 36 | P24: 2 | Q24: 20 | R24: 中型连装炮 | S24: 大型鱼雷Ⅰ型 | T24: 深海侦察机 | V24: =SUM(W24:Z24) -> 6 | W24: 2 | X24: 2 | Y24: 2 | Z24: 0
A25: 00023 | B25: CL | C25: 轻巡Ζ级Ⅰ型 | D25: Enemy | E25: 1 | F25: 36 | G25: 16 | H25: 28 | I25: 18 | J25: 12 | K25: 40 | L25: 15 | M25: 15 | N25: 6 | O25: 30 | P25: 2 | Q25: 1 | R25: 中型连装炮 | S25: 深海侦察机 | V25: =SUM(W25:Z25) -> 2 | W25: 1 | X25: 1 | Y25: 0 | Z25: 0
A26: 00024 | B26: CL | C26: 轻巡Ζ级Ⅱ型 | D26: Enemy | E26: 17 | F26: 52 | G26: 34 | H26: 48 | I26: 32 | J26: 13 | K26: 45 | L26: 30 | M26: 26 | N26: 6 | O26: 33 | P26: 2 | Q26: 10 | R26: 中型连装炮 | S26: 深海侦察机 | V26: =SUM(W26:Z26) -> 2 | W26: 1 | X26: 1 | Y26: 0 | Z26: 0
A27: 00025 | B27: CL | C27: 轻巡Ζ级Ⅲ型 | D27: Enemy | E27: 47 | F27: 57 | G27: 48 | H27: 80 | I27: 39 | J27: 20 | K27: 80 | L27: 55 | M27: 46 | N27: 24 | O27: 36 | P27: 2 | Q27: 20 | R27: 中型连装炮 | S27: 深海侦察机 | T27: 深海深弹投射器Ⅰ型 | U27: 深海声纳Ⅰ型 | V27: =SUM(W27:Z27) -> 8 | W27: 2 | X27: 2 | Y27: 2 | Z27: 2
A28: 00026 | B28: CL | C28: 轻巡Ζ级Ⅳ型 | D28: Enemy | E28: 65 | F28: 62 | G28: 54 | H28: 90 | I28: 43 | J28: 27 | K28: 80 | L28: 70 | M28: 63 | N28: 40 | O28: 36 | P28: 2 | Q28: 30 | R28: 中型连装炮 | S28: 深海侦察机 | T28: 深海深弹投射器Ⅰ型 | U28: 深海声纳Ⅰ型 | V28: =SUM(W28:Z28) -> 8 | W28: 2 | X28: 2 | Y28: 2 | Z28: 2
A29: 00027 | B29: CL | C29: 轻巡Ε级Ⅰ型 | D29: Enemy | E29: 2 | F29: 33 | G29: 14 | H29: 24 | I29: 15 | J29: 10 | K29: 30 | L29: 17 | M29: 15 | N29: 6 | O29: 30 | P29: 2 | Q29: 1 | R29: 小型连装高射炮 | S29: 深海侦察机 | V29: =SUM(W29:Z29) -> 2 | W29: 1 | X29: 1 | Y29: 0 | Z29: 0
A30: 00028 | B30: CL | C30: 轻巡Ε级Ⅱ型 | D30: Enemy | E30: 16 | F30: 48 | G30: 30 | H30: 40 | I30: 30 | J30: 20 | K30: 40 | L30: 29 | M30: 24 | N30: 6 | O30: 33 | P30: 2 | Q30: 10 | R30: 小型连装高射炮 | S30: 深海侦察机 | V30: =SUM(W30:Z30) -> 2 | W30: 1 | X30: 1 | Y30: 0 | Z30: 0
A31: 00029 | B31: CL | C31: 轻巡Ε级Ⅲ型 | D31: Enemy | E31: 33 | F31: 53 | G31: 42 | H31: 72 | I31: 36 | J31: 27 | K31: 70 | L31: 43 | M31: 44 | N31: 20 | O31: 36 | P31: 2 | Q31: 20 | R31: 小型连装高射炮 | S31: 深海深弹投射器Ⅰ型 | T31: 深海声纳Ⅰ型 | V31: =SUM(W31:Z31) -> 8 | W31: 2 | X31: 2 | Y31: 2 | Z31: 2
A32: 00030 | B32: CL | C32: 轻巡Ε级Ⅳ型 | D32: Enemy | E32: 73 | F32: 59 | G32: 54 | H32: 90 | I32: 42 | J32: 34 | K32: 90 | L32: 77 | M32: 64 | N32: 34 | O32: 36 | P32: 2 | Q32: 30 | R32: 小型连装高射炮 | S32: 深海深弹投射器Ⅰ型 | T32: 深海声纳Ⅰ型 | U32: 大型鱼雷Ⅲ型 | V32: =SUM(W32:Z32) -> 8 | W32: 2 | X32: 2 | Y32: 2 | Z32: 2
A33: 00031 | B33: CVL | C33: 轻母Ξ级Ⅰ型 | D33: Enemy | E33: 4 | F33: 65 | G33: 5 | H33: 0 | I33: 25 | J33: 15 | K33: 0 | L33: 19 | M33: 3 | N33: 30 | O33: 25 | P33: 1 | Q33: 1 | R33: 深海战斗机Ⅰ型 | S33: 深海轰炸机Ⅰ型 | T33: 深海鱼雷机Ⅰ型 | V33: =SUM(W33:Z33) -> 54 | W33: 18 | X33: 18 | Y33: 18 | Z33: 0
A34: 00032 | B34: CVL | C34: 轻母Ξ级Ⅱ型 | D34: Enemy | E34: 23 | F34: 70 | G34: 10 | H34: 0 | I34: 35 | J34: 15 | K34: 0 | L34: 35 | M34: 10 | N34: 30 | O34: 30 | P34: 1 | Q34: 10 | R34: 深海战斗机Ⅱ型 | S34: 深海轰炸机Ⅰ型 | T34: 深海鱼雷机Ⅰ型 | V34: =SUM(W34:Z34) -> 72 | W34: 24 | X34: 24 | Y34: 24 | Z34: 0
A35: 00033 | B35: CVL | C35: 轻母Ξ级Ⅲ型 | D35: Enemy | E35: 41 | F35: 84 | G35: 25 | H35: 0 | I35: 70 | J35: 36 | K35: 0 | L35: 50 | M35: 40 | N35: 40 | O35: 35 | P35: 1 | Q35: 30 | R35: 深海战斗机Ⅱ型 | S35: 深海轰炸机Ⅱ型 | T35: 深海轰炸机Ⅱ型 | U35: 深海鱼雷机Ⅱ型 | V35: =SUM(W35:Z35) -> 88 | W35: 22 | X35: 22 | Y35: 22 | Z35: 22
A36: 00034 | B36: CVL | C36: 轻母Ξ级Ⅳ型 | D36: Enemy | E36: 64 | F36: 88 | G36: 35 | H36: 0 | I36: 75 | J36: 44 | K36: 0 | L36: 69 | M36: 60 | N36: 50 | O36: 40 | P36: 1 | Q36: 50 | R36: 深海战斗机Ⅲ型 | S36: 深海轰炸机Ⅱ型 | T36: 深海轰炸机Ⅱ型 | U36: 深海鱼雷机Ⅱ型 | V36: =SUM(W36:Z36) -> 108 | W36: 27 | X36: 27 | Y36: 27 | Z36: 27
A37: 00035 | B37: CA | C37: 重巡Ι级Ⅰ型 | D37: Enemy | E37: 3 | F37: 58 | G37: 32 | H37: 32 | I37: 28 | J37: 16 | K37: 0 | L37: 18 | M37: 12 | N37: 10 | O37: 25 | P37: 2 | Q37: 1 | R37: 中型单装炮 | S37: 大型鱼雷Ⅰ型 | T37: 深海侦察机 | V37: =SUM(W37:Z37) -> 9 | W37: 3 | X37: 3 | Y37: 3 | Z37: 0
A38: 00036 | B38: CA | C38: 重巡Ι级Ⅱ型 | D38: Enemy | E38: 21 | F38: 60 | G38: 58 | H38: 42 | I38: 60 | J38: 20 | K38: 0 | L38: 33 | M38: 20 | N38: 15 | O38: 30 | P38: 2 | Q38: 10 | R38: 中型单装炮 | S38: 中型连装炮 | T38: 深海侦察机 | U38: 深海侦察机 | V38: =SUM(W38:Z38) -> 12 | W38: 3 | X38: 3 | Y38: 3 | Z38: 3
A39: 00037 | B39: CA | C39: 重巡Ι级Ⅲ型 | D39: Enemy | E39: 51 | F39: 76 | G39: 68 | H39: 48 | I39: 70 | J39: 30 | K39: 0 | L39: 58 | M39: 50 | N39: 20 | O39: 35 | P39: 2 | Q39: 20 | R39: 中型单装炮 | S39: 中型连装炮 | T39: 大型鱼雷Ⅲ型 | U39: 深海侦察机 | V39: =SUM(W39:Z39) -> 16 | W39: 4 | X39: 4 | Y39: 4 | Z39: 4
A40: 00038 | B40: CA | C40: 重巡Ι级Ⅳ型 | D40: Enemy | E40: 84 | F40: 88 | G40: 88 | H40: 80 | I40: 80 | J40: 40 | K40: 0 | L40: 86 | M40: 57 | N40: 30 | O40: 35 | P40: 2 | Q40: 40 | R40: 中型单装炮 | S40: 中型单装炮 | T40: 大型鱼雷Ⅲ型 | U40: 深海高速侦察机 | V40: =SUM(W40:Z40) -> 16 | W40: 4 | X40: 4 | Y40: 4 | Z40: 4
A41: 00039 | B41: BB | C41: 战列Μ级Ⅰ型 | D41: Enemy | E41: 8 | F41: 84 | G41: 60 | H41: 0 | I41: 80 | J41: 30 | K41: 0 | L41: 22 | M41: 20 | N41: 25 | O41: 27 | P41: 3 | Q41: 10 | R41: 大型连装炮 | S41: 大型连装炮 | T41: 大型副炮 | U41: 深海侦察机 | V41: =SUM(W41:Z41) -> 16 | W41: 4 | X41: 4 | Y41: 4 | Z41: 4
A42: 00040 | B42: BB | C42: 战列Μ级Ⅱ型 | D42: Enemy | E42: 33 | F42: 88 | G42: 75 | H42: 0 | I42: 88 | J42: 35 | K42: 0 | L42: 43 | M42: 40 | N42: 30 | O42: 30 | P42: 3 | Q42: 20 | R42: 大型三连装炮 | S42: 大型连装炮 | T42: 大型副炮 | V42: =SUM(W42:Z42) -> 16 | W42: 4 | X42: 4 | Y42: 4 | Z42: 4
A43: 00041 | B43: BB | C43: 战列Μ级Ⅲ型 | D43: Enemy | E43: 61 | F43: 90 | G43: 85 | H43: 0 | I43: 96 | J43: 45 | K43: 0 | L43: 67 | M43: 55 | N43: 35 | O43: 33 | P43: 3 | Q43: 30 | R43: 大型三连装炮 | S43: 大型三连装炮 | T43: 深海侦察机 | V43: =SUM(W43:Z43) -> 16 | W43: 4 | X43: 4 | Y43: 4 | Z43: 4
A44: 00042 | B44: BB | C44: 战列Μ级Ⅳ型 | D44: Enemy | E44: 77 | F44: 94 | G44: 90 | H44: 0 | I44: 104 | J44: 50 | K44: 0 | L44: 80 | M44: 65 | N44: 40 | O44: 36 | P44: 3 | Q44: 40 | R44: 大型三连装炮 | S44: 大型三连装炮 | T44: 深海侦察机 | V44: =SUM(W44:Z44) -> 16 | W44: 4 | X44: 4 | Y44: 4 | Z44: 4
A45: 00043 | B45: BB | C45: 战列Λ级Ⅰ型 | D45: Enemy | E45: 1 | F45: 90 | G45: 65 | H45: 0 | I45: 70 | J45: 40 | K45: 0 | L45: 15 | M45: 3 | N45: 20 | O45: 18 | P45: 3 | Q45: 5 | R45: 大型三连装炮 | S45: 大型副炮 | T45: 深海侦察机 | V45: =SUM(W45:Z45) -> 9 | W45: 3 | X45: 3 | Y45: 3 | Z45: 0
A46: 00044 | B46: BB | C46: 战列Λ级Ⅱ型 | D46: Enemy | E46: 21 | F46: 90 | G46: 85 | H46: 0 | I46: 85 | J46: 50 | K46: 0 | L46: 33 | M46: 16 | N46: 20 | O46: 21 | P46: 3 | Q46: 10 | R46: 大型三连装炮 | S46: 大型三连装炮 | T46: 大型副炮 | V46: =SUM(W46:Z46) -> 12 | W46: 3 | X46: 3 | Y46: 3 | Z46: 3
A47: 00045 | B47: BB | C47: 战列Λ级Ⅲ型 | D47: Enemy | E47: 41 | F47: 98 | G47: 90 | H47: 0 | I47: 99 | J47: 60 | K47: 0 | L47: 50 | M47: 40 | N47: 30 | O47: 24 | P47: 3 | Q47: 20 | R47: 大型三连装炮 | S47: 大型三连装炮 | T47: 深海侦察机 | V47: =SUM(W47:Z47) -> 20 | W47: 5 | X47: 5 | Y47: 5 | Z47: 5
A48: 00046 | B48: BB | C48: 战列Λ级Ⅳ型 | D48: Enemy | E48: 98 | F48: 130 | G48: 110 | H48: 0 | I48: 110 | J48: 70 | K48: 0 | L48: 98 | M48: 43 | N48: 36 | O48: 24 | P48: 3 | Q48: 50 | R48: 大型三连装炮 | S48: 大型三连装炮 | T48: 对空雷达Ⅱ型 | U48: 深海高速侦察机 | V48: =SUM(W48:Z48) -> 20 | W48: 5 | X48: 5 | Y48: 5 | Z48: 5
A49: 00047 | B49: Elite | C49: 旗舰Ν级Ⅰ型 | D49: Enemy | E49: 101 | F49: 180 | G49: 90 | H49: 100 | I49: 110 | J49: 50 | K49: 90 | L49: 70 | M49: 45 | N49: 50 | O49: 30 | P49: 3 | Q49: 60 | R49: 大型三连装炮 | S49: 大型副炮 | T49: 深海轰炸机Ⅱ型 | U49: 深海高速轰炸机 | V49: =SUM(W49:Z49) -> 40 | W49: 0 | X49: 0 | Y49: 20 | Z49: 20
A50: 00048 | B50: Elite | C50: 旗舰Ν级Ⅱ型 | D50: Enemy | E50: 148 | F50: 270 | G50: 130 | H50: 120 | I50: 130 | J50: 60 | K50: 100 | L50: 90 | M50: 50 | N50: 70 | O50: 33 | P50: 3 | Q50: 70 | R50: 大型三连装炮 | S50: 大型副炮 | T50: 深海轰炸机Ⅱ型 | U50: 深海高速轰炸机 | V50: =SUM(W50:Z50) -> 70 | W50: 0 | X50: 0 | Y50: 35 | Z50: 35
A51: 00049 | B51: Elite | C51: 旗舰Ν级Ⅲ型 | D51: Enemy | E51: 196 | F51: 360 | G51: 150 | H51: 140 | I51: 150 | J51: 70 | K51: 110 | L51: 110 | M51: 55 | N51: 90 | O51: 36 | P51: 3 | Q51: 80 | R51: 大型三连装炮 | S51: 大型副炮 | T51: 深海轰炸机Ⅱ型 | U51: 深海高速轰炸机 | V51: =SUM(W51:Z51) -> 100 | W51: 0 | X51: 0 | Y51: 50 | Z51: 50
A52: 00050 | B52: SS | C52: 潜艇Π级Ⅰ型 | D52: Enemy | E52: 1 | F52: 19 | G52: 0 | H52: 42 | I52: 7 | J52: 0 | K52: 0 | L52: 15 | M52: 1 | N52: 6 | O52: 15 | P52: 1 | Q52: 1 | R52: 大型鱼雷Ⅰ型 | S52: 大型鱼雷Ⅰ型 | V52: =SUM(W52:Z52) -> 0 | W52: 0 | X52: 0 | Y52: 0 | Z52: 0
A53: 00051 | B53: SS | C53: 潜艇Π级Ⅱ型 | D53: Enemy | E53: 17 | F53: 27 | G53: 0 | H53: 64 | I53: 21 | J53: 0 | K53: 0 | L53: 30 | M53: 5 | N53: 8 | O53: 20 | P53: 1 | Q53: 10 | R53: 大型鱼雷Ⅲ型 | S53: 大型鱼雷Ⅰ型 | T53: 大型鱼雷Ⅰ型 | V53: =SUM(W53:Z53) -> 0 | W53: 0 | X53: 0 | Y53: 0 | Z53: 0
A54: 00052 | B54: SS | C54: 潜艇Π级Ⅲ型 | D54: Enemy | E54: 35 | F54: 37 | G54: 0 | H54: 86 | I54: 30 | J54: 0 | K54: 0 | L54: 45 | M54: 10 | N54: 10 | O54: 25 | P54: 1 | Q54: 20 | R54: 大型鱼雷Ⅲ型 | S54: 大型鱼雷Ⅲ型 | T54: 大型鱼雷Ⅰ型 | V54: =SUM(W54:Z54) -> 0 | W54: 0 | X54: 0 | Y54: 0 | Z54: 0
A55: 00053 | B55: SS | C55: 潜艇Π级Ⅳ型 | D55: Enemy | E55: 53 | F55: 47 | G55: 0 | H55: 98 | I55: 39 | J55: 0 | K55: 0 | L55: 60 | M55: 15 | N55: 12 | O55: 25 | P55: 1 | Q55: 30 | R55: 大型鱼雷Ⅲ型 | S55: 大型鱼雷Ⅲ型 | V55: =SUM(W55:Z55) -> 0 | W55: 0 | X55: 0 | Y55: 0 | Z55: 0
A56: 00054 | B56: SS | C56: 潜艇Σ级Ⅰ型 | D56: Enemy | E56: 9 | F56: 33 | G56: 24 | H56: 70 | I56: 15 | J56: 0 | K56: 0 | L56: 23 | M56: 5 | N56: 10 | O56: 15 | P56: 1 | Q56: 15 | R56: 大型鱼雷Ⅲ型 | S56: 小型单装高射炮 | V56: =SUM(W56:Z56) -> 0 | W56: 0 | X56: 0 | Y56: 0 | Z56: 0
A57: 00055 | B57: SS | C57: 潜艇Σ级Ⅱ型 | D57: Enemy | E57: 36 | F57: 45 | G57: 30 | H57: 100 | I57: 30 | J57: 0 | K57: 0 | L57: 46 | M57: 10 | N57: 15 | O57: 20 | P57: 1 | Q57: 30 | R57: 大型鱼雷Ⅲ型 | S57: 大型鱼雷Ⅲ型 | T57: 小型单装高射炮 | V57: =SUM(W57:Z57) -> 0 | W57: 0 | X57: 0 | Y57: 0 | Z57: 0
A58: 00056 | B58: SS | C58: 潜艇Σ级Ⅲ型 | D58: Enemy | E58: 64 | F58: 50 | G58: 37 | H58: 130 | I58: 45 | J58: 0 | K58: 0 | L58: 69 | M58: 15 | N58: 20 | O58: 25 | P58: 1 | Q58: 45 | R58: 大型鱼雷Ⅲ型 | S58: 大型鱼雷Ⅲ型 | T58: 小型单装高射炮 | V58: =SUM(W58:Z58) -> 0 | W58: 0 | X58: 0 | Y58: 0 | Z58: 0
A59: 00057 | B59: SS | C59: 潜艇Ρ级Ⅰ型 | D59: Enemy | E59: 14 | F59: 24 | G59: 0 | H59: 52 | I59: 9 | J59: 0 | K59: 0 | L59: 27 | M59: 1 | N59: 7 | O59: 15 | P59: 1 | Q59: 5 | R59: 大型鱼雷Ⅱ型 | S59: 大型鱼雷Ⅱ型 | V59: =SUM(W59:Z59) -> 0 | W59: 0 | X59: 0 | Y59: 0 | Z59: 0
A60: 00058 | B60: SS | C60: 潜艇Ρ级Ⅱ型 | D60: Enemy | E60: 45 | F60: 34 | G60: 0 | H60: 74 | I60: 27 | J60: 0 | K60: 0 | L60: 53 | M60: 5 | N60: 9 | O60: 20 | P60: 1 | Q60: 10 | R60: 大型鱼雷Ⅲ型 | S60: 大型鱼雷Ⅱ型 | T60: 大型鱼雷Ⅱ型 | V60: =SUM(W60:Z60) -> 0 | W60: 0 | X60: 0 | Y60: 0 | Z60: 0
A61: 00059 | B61: SS | C61: 潜艇Ρ级Ⅲ型 | D61: Enemy | E61: 64 | F61: 44 | G61: 0 | H61: 96 | I61: 36 | J61: 0 | K61: 0 | L61: 69 | M61: 10 | N61: 10 | O61: 25 | P61: 1 | Q61: 20 | R61: 大型鱼雷Ⅲ型 | S61: 大型鱼雷Ⅲ型 | T61: 大型鱼雷Ⅱ型 | V61: =SUM(W61:Z61) -> 0 | W61: 0 | X61: 0 | Y61: 0 | Z61: 0
A62: 00060 | B62: SS | C62: 潜艇Ρ级Ⅳ型 | D62: Enemy | E62: 80 | F62: 54 | G62: 0 | H62: 118 | I62: 45 | J62: 0 | K62: 0 | L62: 83 | M62: 15 | N62: 11 | O62: 25 | P62: 1 | Q62: 30 | R62: 大型鱼雷Ⅲ型 | S62: 大型鱼雷Ⅲ型 | T62: 大型鱼雷Ⅲ型 | V62: =SUM(W62:Z62) -> 0 | W62: 0 | X62: 0 | Y62: 0 | Z62: 0
A63: 00061 | B63: CLT0 | C63: 雷巡Θ级Ⅰ型 | D63: Enemy | E63: 9 | F63: 48 | G63: 18 | H63: 48 | I63: 22 | J63: 10 | K63: 30 | L63: 27 | M63: 18 | N63: 4 | O63: 30 | P63: 2 | Q63: 1 | R63: 小型连装高射炮 | S63: 大型鱼雷Ⅰ型 | T63: 大型鱼雷Ⅰ型 | V63: =SUM(W63:Z63) -> 6 | W63: 2 | X63: 2 | Y63: 2 | Z63: 0
A64: 00062 | B64: CLT0 | C64: 雷巡Θ级Ⅱ型 | D64: Enemy | E64: 35 | F64: 50 | G64: 35 | H64: 72 | I64: 34 | J64: 15 | K64: 40 | L64: 45 | M64: 30 | N64: 10 | O64: 35 | P64: 2 | Q64: 10 | R64: 中型连装炮 | S64: 大型鱼雷Ⅱ型 | T64: 大型鱼雷Ⅱ型 | V64: =SUM(W64:Z64) -> 6 | W64: 2 | X64: 2 | Y64: 2 | Z64: 0
A65: 00063 | B65: CLT0 | C65: 雷巡Θ级Ⅲ型 | D65: Enemy | E65: 61 | F65: 70 | G65: 50 | H65: 120 | I65: 60 | J65: 20 | K65: 50 | L65: 67 | M65: 55 | N65: 15 | O65: 40 | P65: 2 | Q65: 30 | R65: 中型连装炮 | S65: 大型鱼雷Ⅲ型 | T65: 大型鱼雷Ⅲ型 | V65: =SUM(W65:Z65) -> 6 | W65: 2 | X65: 2 | Y65: 2 | Z65: 0
A66: 00064 | B66: CLT0 | C66: 雷巡Θ级Ⅳ型 | D66: Enemy | E66: 79 | F66: 80 | G66: 60 | H66: 140 | I66: 65 | J66: 25 | K66: 60 | L66: 82 | M66: 65 | N66: 20 | O66: 40 | P66: 2 | Q66: 40 | R66: 中型连装炮 | S66: 大型鱼雷Ⅲ型 | T66: 大型鱼雷Ⅲ型 | V66: =SUM(W66:Z66) -> 6 | W66: 2 | X66: 2 | Y66: 2 | Z66: 0
A67: 00065 | B67: BC | C67: 战巡Κ级Ⅰ型 | D67: Enemy | E67: 15 | F67: 58 | G67: 65 | H67: 0 | I67: 28 | J67: 16 | K67: 0 | L67: 28 | M67: 12 | N67: 10 | O67: 27 | P67: 3 | Q67: 1 | R67: 大型三连装炮 | S67: 大型副炮 | T67: 深海侦察机 | V67: =SUM(W67:Z67) -> 9 | W67: 3 | X67: 3 | Y67: 3 | Z67: 0
A68: 00066 | B68: BC | C68: 战巡Κ级Ⅱ型 | D68: Enemy | E68: 32 | F68: 60 | G68: 85 | H68: 0 | I68: 60 | J68: 30 | K68: 0 | L68: 42 | M68: 20 | N68: 15 | O68: 30 | P68: 3 | Q68: 10 | R68: 大型三连装炮 | S68: 大型三连装炮 | T68: 大型副炮 | V68: =SUM(W68:Z68) -> 12 | W68: 3 | X68: 3 | Y68: 3 | Z68: 3
A69: 00067 | B69: BC | C69: 战巡Κ级Ⅲ型 | D69: Enemy | E69: 59 | F69: 76 | G69: 90 | H69: 0 | I69: 70 | J69: 40 | K69: 0 | L69: 65 | M69: 50 | N69: 20 | O69: 33 | P69: 3 | Q69: 20 | R69: 大型三连装炮 | S69: 大型三连装炮 | T69: 深海侦察机 | V69: =SUM(W69:Z69) -> 16 | W69: 4 | X69: 4 | Y69: 4 | Z69: 4
A70: 00068 | B70: BC | C70: 战巡Κ级Ⅳ型 | D70: Enemy | E70: 85 | F70: 88 | G70: 110 | H70: 0 | I70: 80 | J70: 50 | K70: 0 | L70: 87 | M70: 57 | N70: 30 | O70: 33 | P70: 3 | Q70: 40 | R70: 大型三连装炮 | S70: 大型三连装炮 | T70: 深海高速侦察机 | V70: =SUM(W70:Z70) -> 16 | W70: 4 | X70: 4 | Y70: 4 | Z70: 4
A71: 00069 | B71: AP | C71: 补给Υ级Ⅰ型 | D71: Enemy | E71: 1 | F71: 15 | G71: 10 | H71: 0 | I71: 10 | J71: 10 | K71: 0 | L71: 15 | M71: 15 | N71: 5 | O71: 25 | P71: 1 | Q71: 1 | R71: 小型单装炮 | V71: =SUM(W71:Z71) -> 0 | W71: 0 | X71: 0 | Y71: 0 | Z71: 0
A72: 00070 | B72: AP | C72: 补给Υ级Ⅱ型 | D72: Enemy | E72: 20 | F72: 27 | G72: 20 | H72: 0 | I72: 20 | J72: 20 | K72: 0 | L72: 32 | M72: 32 | N72: 10 | O72: 30 | P72: 1 | Q72: 10 | R72: 小型单装炮 | V72: =SUM(W72:Z72) -> 0 | W72: 0 | X72: 0 | Y72: 0 | Z72: 0
A73: 00071 | B73: AP | C73: 补给Υ级Ⅲ型 | D73: Enemy | E73: 40 | F73: 39 | G73: 30 | H73: 0 | I73: 30 | J73: 30 | K73: 0 | L73: 49 | M73: 49 | N73: 15 | O73: 35 | P73: 1 | Q73: 20 | R73: 小型连装炮 | V73: =SUM(W73:Z73) -> 0 | W73: 0 | X73: 0 | Y73: 0 | Z73: 0
A74: 00072 | B74: AP | C74: 补给Υ级Ⅳ型 | D74: Enemy | E74: 66 | F74: 51 | G74: 40 | H74: 0 | I74: 40 | J74: 40 | K74: 0 | L74: 71 | M74: 71 | N74: 20 | O74: 35 | P74: 1 | Q74: 30 | R74: 小型连装炮 | V74: =SUM(W74:Z74) -> 0 | W74: 0 | X74: 0 | Y74: 0 | Z74: 0
A75: 00073 | B75: DD | C75: 驱逐Τ级Ⅰ型 | D75: Enemy | E75: 41 | F75: 27 | G75: 18 | H75: 33 | I75: 12 | J75: 10 | K75: 30 | L75: 32 | M75: 30 | N75: 8 | O75: 35 | P75: 1 | Q75: 20 | R75: 小型连装炮 | S75: 大型鱼雷Ⅰ型 | V75: =SUM(W75:Z75) -> 0 | W75: 0 | X75: 0 | Y75: 0 | Z75: 0
A76: 00074 | B76: DD | C76: 驱逐Τ级Ⅱ型 | D76: Enemy | E76: 59 | F76: 35 | G76: 26 | H76: 48 | I76: 24 | J76: 20 | K76: 60 | L76: 65 | M76: 60 | N76: 16 | O76: 35 | P76: 1 | Q76: 30 | R76: 小型连装炮 | S76: 大型鱼雷Ⅲ型 | T76: 深海深弹投射器Ⅰ型 | V76: =SUM(W76:Z76) -> 0 | W76: 0 | X76: 0 | Y76: 0 | Z76: 0
A77: 00075 | B77: DD | C77: 驱逐Τ级Ⅲ型 | D77: Enemy | E77: 77 | F77: 43 | G77: 34 | H77: 72 | I77: 36 | J77: 30 | K77: 90 | L77: 80 | M77: 75 | N77: 25 | O77: 35 | P77: 2 | Q77: 40 | R77: 小型连装高射炮 | S77: 深海高速鱼雷 | T77: 对海雷达Ⅱ型 | U77: 深海深弹投射器Ⅱ型 | V77: =SUM(W77:Z77) -> 0 | W77: 0 | X77: 0 | Y77: 0 | Z77: 0
A78: 00076 | B78: DD | C78: 驱逐Τ级Ⅳ型 | D78: Enemy | E78: 89 | F78: 52 | G78: 42 | H78: 83 | I78: 48 | J78: 40 | K78: 100 | L78: 90 | M78: 82 | N78: 30 | O78: 35 | P78: 2 | Q78: 50 | R78: 小型连装高射炮 | S78: 深海高速鱼雷 | T78: 对海雷达Ⅲ型 | U78: 深海深弹投射器Ⅱ型 | V78: =SUM(W78:Z78) -> 0 | W78: 0 | X78: 0 | Y78: 0 | Z78: 0
A79: 00077 | B79: SS | C79: 潜艇Φ级Ⅰ型 | D79: Enemy | E79: 42 | F79: 34 | G79: 0 | H79: 76 | I79: 30 | J79: 0 | K79: 0 | L79: 51 | M79: 10 | N79: 10 | O79: 18 | P79: 1 | Q79: 20 | R79: 大型鱼雷Ⅱ型 | S79: 大型鱼雷Ⅱ型 | T79: 大型鱼雷Ⅱ型 | V79: =SUM(W79:Z79) -> 0 | W79: 0 | X79: 0 | Y79: 0 | Z79: 0
A80: 00078 | B80: SS | C80: 潜艇Φ级Ⅱ型 | D80: Enemy | E80: 61 | F80: 40 | G80: 0 | H80: 91 | I80: 34 | J80: 0 | K80: 0 | L80: 67 | M80: 10 | N80: 10 | O80: 20 | P80: 1 | Q80: 30 | R80: 大型鱼雷Ⅲ型 | S80: 大型鱼雷Ⅱ型 | T80: 大型鱼雷Ⅱ型 | V80: =SUM(W80:Z80) -> 0 | W80: 0 | X80: 0 | Y80: 0 | Z80: 0
A81: 00079 | B81: SS | C81: 潜艇Φ级Ⅲ型 | D81: Enemy | E81: 75 | F81: 48 | G81: 0 | H81: 112 | I81: 40 | J81: 0 | K81: 0 | L81: 78 | M81: 10 | N81: 12 | O81: 22 | P81: 1 | Q81: 40 | R81: 大型鱼雷Ⅲ型 | S81: 大型鱼雷Ⅲ型 | T81: 大型鱼雷Ⅱ型 | V81: =SUM(W81:Z81) -> 0 | W81: 0 | X81: 0 | Y81: 0 | Z81: 0
A82: 00080 | B82: SS | C82: 潜艇Φ级Ⅳ型 | D82: Enemy | E82: 89 | F82: 56 | G82: 0 | H82: 135 | I82: 46 | J82: 0 | K82: 0 | L82: 90 | M82: 10 | N82: 15 | O82: 25 | P82: 1 | Q82: 50 | R82: 大型鱼雷Ⅲ型 | S82: 大型鱼雷Ⅲ型 | T82: 大型鱼雷Ⅲ型 | V82: =SUM(W82:Z82) -> 0 | W82: 0 | X82: 0 | Y82: 0 | Z82: 0
A83: 00081 | B83: CV | C83: 航母Χ级Ⅰ型 | D83: Enemy | E83: 20 | F83: 88 | G83: 32 | H83: 0 | I83: 66 | J83: 30 | K83: 0 | L83: 43 | M83: 40 | N83: 40 | O83: 32 | P83: 1 | Q83: 20 | R83: 深海战斗机Ⅱ型 | S83: 深海轰炸机Ⅰ型 | T83: 深海轰炸机Ⅰ型 | V83: =SUM(W83:Z83) -> 81 | W83: 27 | X83: 27 | Y83: 27 | Z83: 0
A84: 00082 | B84: CV | C84: 航母Χ级Ⅱ型 | D84: Enemy | E84: 36 | F84: 111 | G84: 38 | H84: 0 | I84: 84 | J84: 50 | K84: 0 | L84: 55 | M84: 45 | N84: 50 | O84: 32 | P84: 1 | Q84: 30 | R84: 深海战斗机Ⅱ型 | S84: 深海轰炸机Ⅱ型 | T84: 深海轰炸机Ⅰ型 | V84: =SUM(W84:Z84) -> 90 | W84: 30 | X84: 30 | Y84: 30 | Z84: 0
A85: 00083 | B85: CV | C85: 航母Χ级Ⅲ型 | D85: Enemy | E85: 61 | F85: 136 | G85: 44 | H85: 0 | I85: 100 | J85: 65 | K85: 0 | L85: 67 | M85: 50 | N85: 55 | O85: 32 | P85: 1 | Q85: 40 | R85: 深海战斗机Ⅱ型 | S85: 深海战斗机Ⅱ型 | T85: 深海轰炸机Ⅱ型 | U85: 深海轰炸机Ⅱ型 | V85: =SUM(W85:Z85) -> 96 | W85: 32 | X85: 32 | Y85: 32 | Z85: 0
A86: 00084 | B86: CV | C86: 航母Χ级Ⅳ型 | D86: Enemy | E86: 76 | F86: 166 | G86: 52 | H86: 0 | I86: 120 | J86: 80 | K86: 0 | L86: 79 | M86: 55 | N86: 60 | O86: 32 | P86: 1 | Q86: 50 | R86: 深海战斗机Ⅲ型 | S86: 深海战斗机Ⅱ型 | T86: 深海轰炸机Ⅱ型 | U86: 深海轰炸机Ⅱ型 | V86: =SUM(W86:Z86) -> 144 | W86: 36 | X86: 36 | Y86: 36 | Z86: 36
A87: 00085 | B87: BB | C87: 战列Ψ级Ⅰ型 | D87: Enemy | E87: 42 | F87: 75 | G87: 71 | H87: 0 | I87: 80 | J87: 40 | K87: 0 | L87: 51 | M87: 45 | N87: 30 | O87: 30 | P87: 3 | Q87: 20 | R87: 大型三连装炮 | S87: 大型连装炮 | T87: 大型副炮 | V87: =SUM(W87:Z87) -> 9 | W87: 3 | X87: 3 | Y87: 3 | Z87: 0
A88: 00086 | B88: BB | C88: 战列Ψ级Ⅱ型 | D88: Enemy | E88: 59 | F88: 88 | G88: 82 | H88: 0 | I88: 95 | J88: 50 | K88: 0 | L88: 65 | M88: 55 | N88: 35 | O88: 33 | P88: 3 | Q88: 30 | R88: 大型三连装炮 | S88: 大型连装炮 | T88: 大型副炮 | V88: =SUM(W88:Z88) -> 9 | W88: 3 | X88: 3 | Y88: 3 | Z88: 0
A89: 00087 | B89: BB | C89: 战列Ψ级Ⅲ型 | D89: Enemy | E89: 77 | F89: 100 | G89: 93 | H89: 0 | I89: 105 | J89: 55 | K89: 0 | L89: 80 | M89: 65 | N89: 40 | O89: 36 | P89: 3 | Q89: 40 | R89: 大型三连装炮 | S89: 大型三连装炮 | T89: 深海侦察机 | V89: =SUM(W89:Z89) -> 12 | W89: 3 | X89: 3 | Y89: 3 | Z89: 3
A90: 00088 | B90: BB | C90: 战列Ψ级Ⅳ型 | D90: Enemy | E90: 92 | F90: 125 | G90: 110 | H90: 0 | I90: 116 | J90: 66 | K90: 0 | L90: 93 | M90: 75 | N90: 45 | O90: 40 | P90: 3 | Q90: 50 | R90: 大型三连装炮 | S90: 大型三连装炮 | T90: 深海侦察机 | V90: =SUM(W90:Z90) -> 20 | W90: 5 | X90: 5 | Y90: 5 | Z90: 5
A91: 00089 | B91: CA | C91: 重巡Ω级Ⅰ型 | D91: Enemy | E91: 41 | F91: 71 | G91: 58 | H91: 37 | I91: 65 | J91: 20 | K91: 0 | L91: 50 | M91: 40 | N91: 15 | O91: 30 | P91: 2 | Q91: 20 | R91: 中型单装炮 | S91: 中型连装炮 | T91: 大型鱼雷Ⅱ型 | U91: 深海侦察机 | V91: =SUM(W91:Z91) -> 9 | W91: 3 | X91: 3 | Y91: 3 | Z91: 0
A92: 00090 | B92: CA | C92: 重巡Ω级Ⅱ型 | D92: Enemy | E92: 54 | F92: 77 | G92: 69 | H92: 50 | I92: 72 | J92: 28 | K92: 0 | L92: 61 | M92: 50 | N92: 20 | O92: 30 | P92: 2 | Q92: 30 | R92: 中型单装炮 | S92: 中型连装炮 | T92: 大型鱼雷Ⅱ型 | U92: 深海侦察机 | V92: =SUM(W92:Z92) -> 9 | W92: 3 | X92: 3 | Y92: 3 | Z92: 0
A93: 00091 | B93: CA | C93: 重巡Ω级Ⅲ型 | D93: Enemy | E93: 72 | F93: 82 | G93: 77 | H93: 66 | I93: 78 | J93: 38 | K93: 0 | L93: 76 | M93: 55 | N93: 25 | O93: 35 | P93: 2 | Q93: 40 | R93: 中型单装炮 | S93: 中型连装炮 | T93: 大型鱼雷Ⅱ型 | U93: 深海侦察机 | V93: =SUM(W93:Z93) -> 12 | W93: 3 | X93: 3 | Y93: 3 | Z93: 3
A94: 00092 | B94: CA | C94: 重巡Ω级Ⅳ型 | D94: Enemy | E94: 86 | F94: 90 | G94: 89 | H94: 87 | I94: 85 | J94: 48 | K94: 0 | L94: 88 | M94: 60 | N94: 30 | O94: 35 | P94: 2 | Q94: 50 | R94: 中型单装炮 | S94: 中型连装炮 | T94: 大型鱼雷Ⅲ型 | U94: 深海侦察机 | V94: =SUM(W94:Z94) -> 16 | W94: 4 | X94: 4 | Y94: 4 | Z94: 4
A95: 00093 | B95: CL | C95: 轻巡ei级Ⅰ型 | D95: Enemy | E95: 42 | F95: 52 | G95: 45 | H95: 78 | I95: 35 | J95: 20 | K95: 60 | L95: 51 | M95: 45 | N95: 36 | O95: 30 | P95: 2 | Q95: 20 | R95: 小型连装高射炮 | S95: 深海深弹投射器Ⅰ型 | T95: 深海侦察机 | V95: =SUM(W95:Z95) -> 2 | W95: 1 | X95: 1 | Y95: 0 | Z95: 0
A96: 00094 | B96: CL | C96: 轻巡ei级Ⅱ型 | D96: Enemy | E96: 63 | F96: 58 | G96: 52 | H96: 85 | I96: 41 | J96: 32 | K96: 75 | L96: 68 | M96: 50 | N96: 44 | O96: 30 | P96: 2 | Q96: 30 | R96: 小型连装高射炮 | S96: 深海深弹投射器Ⅰ型 | T96: 深海侦察机 | V96: =SUM(W96:Z96) -> 2 | W96: 1 | X96: 1 | Y96: 0 | Z96: 0
A97: 00095 | B97: CL | C97: 轻巡ei级Ⅲ型 | D97: Enemy | E97: 73 | F97: 64 | G97: 58 | H97: 90 | I97: 47 | J97: 37 | K97: 90 | L97: 77 | M97: 55 | N97: 52 | O97: 36 | P97: 2 | Q97: 40 | R97: 小型连装高射炮 | S97: 深海深弹投射器Ⅱ型 | T97: 深海声纳Ⅰ型 | U97: 大型鱼雷Ⅱ型 | V97: =SUM(W97:Z97) -> 8 | W97: 2 | X97: 2 | Y97: 2 | Z97: 2
A98: 00096 | B98: CL | C98: 轻巡ei级Ⅳ型 | D98: Enemy | E98: 85 | F98: 72 | G98: 66 | H98: 96 | I98: 55 | J98: 42 | K98: 105 | L98: 87 | M98: 60 | N98: 62 | O98: 36 | P98: 2 | Q98: 50 | R98: 小型连装高射炮 | S98: 深海深弹投射器Ⅱ型 | T98: 深海声纳Ⅱ型 | U98: 大型鱼雷Ⅲ型 | V98: =SUM(W98:Z98) -> 8 | W98: 2 | X98: 2 | Y98: 2 | Z98: 2
A99: 00097 | B99: BBV0 | C99: Sükhbaatar | D99: Enemy | E99: 100 | F99: 999 | G99: 200 | H99: 100 | I99: 150 | J99: 100 | K99: 100 | L99: 172 | M99: 120 | N99: 1004 | O99: 45 | P99: 4 | Q99: 80 | R99: 大型三连装炮 | S99: 深海高速战斗机 | T99: 深海高速轰炸机 | U99: 深海鱼雷机Ⅲ型 | V99: =SUM($W99:$Z99) -> 400 | W99: 100 | X99: 100 | Y99: 100 | Z99: 100 | AD99: 不屈Lv1
A100: 00098 | B100: BBV0 | C100: Odin | D100: Enemy | E100: 100 | F100: 999 | G100: 200 | H100: 100 | I100: 150 | J100: 100 | K100: 100 | L100: 172 | M100: 120 | N100: 1004 | O100: 45 | P100: 4 | Q100: 80 | R100: 大型三连装炮 | S100: 深海高速战斗机 | T100: 深海高速轰炸机 | U100: 深海鱼雷机Ⅲ型 | V100: =SUM($W100:$Z100) -> 400 | W100: 100 | X100: 100 | Y100: 100 | Z100: 100 | AD100: 不屈Lv1
...

Sheet 装备数据-深海
A1: eid | B1: 种类 | C1: 名称 | D1: 种类-2 | E1: 耐久 | F1: 火力 | G1: 鱼雷 | H1: 装甲 | I1: 对潜 | J1: 索敌 | K1: 命中 | L1: 射程 | M1: 闪避 | N1: 幸运 | O1: 轰炸 | P1: 对空 | Q1: 对空倍率 | R1: 对空补正 | S1: 导弹突防 | T1: 导弹拦截 | U1: 铝耗 | V1: 特效 | W1: 特效数值 | X1: 特效配置
A2: 00001 | B2: MainGun | C2: 小型单装炮 | D2: 主炮 | F2: 1 | L2: 1 | Q2: 2
A3: 00002 | B3: MainGun | C3: 小型连装炮 | D3: 主炮 | F3: 2 | L3: 1 | Q3: 2
A4: 00003 | B4: MainGun | C4: 小型单装高射炮 | D4: 主炮 | F4: 1 | L4: 1 | P4: 1 | Q4: 2
A5: 00004 | B5: MainGun | C5: 小型连装高射炮 | D5: 主炮 | F5: 2 | L5: 2 | P5: 2 | Q5: 2
A6: 00005 | B6: MainGun | C6: 中型单装炮 | D6: 主炮 | F6: 8 | L6: 2 | P6: 2 | Q6: 2
A7: 00006 | B7: MainGun | C7: 中型连装炮 | D7: 主炮 | F7: 3 | L7: 2 | P7: 3 | Q7: 2
A8: 00007 | B8: MainGun | C8: 大型单装炮 | D8: 主炮 | F8: 10 | L8: 3 | P8: 4 | Q8: 2 | R8: 0.2
A9: 00008 | B9: MainGun | C9: 大型连装炮 | D9: 主炮 | F9: 15 | L9: 3 | P9: 4 | Q9: 2 | R9: 0.2
A10: 00009 | B10: MainGun | C10: 大型三连装炮 | D10: 主炮 | F10: 20 | L10: 3 | P10: 5 | Q10: 2 | R10: 0.2
A11: 00010 | B11: SecondaryGun | C11: 小型副炮 | D11: 副炮 | F11: 1 | L11: 1 | P11: 2 | Q11: 2
A12: 00011 | B12: SecondaryGun | C12: 中型副炮 | D12: 副炮 | F12: 1 | L12: 2 | Q12: 2
A13: 00012 | B13: SecondaryGun | C13: 大型副炮 | D13: 副炮 | F13: 7 | L13: 2 | P13: 3 | Q13: 2
A14: 00013 | B14: Torpedo | C14: 大型鱼雷Ⅰ型 | D14: 鱼雷 | G14: 2 | L14: 1 | Q14: 2
A15: 00014 | B15: Torpedo | C15: 大型鱼雷Ⅱ型 | D15: 鱼雷 | G15: 5 | L15: 1 | Q15: 2
A16: 00015 | B16: Torpedo | C16: 大型鱼雷Ⅲ型 | D16: 鱼雷 | G16: 10 | L16: 1 | Q16: 2
A17: 00016 | B17: DiveBomber | C17: 深海鱼雷机Ⅰ型 | D17: 鱼雷机 | G17: 4 | I17: 2 | J17: 5 | Q17: 2
A18: 00017 | B18: DiveBomber | C18: 深海鱼雷机Ⅱ型 | D18: 鱼雷机 | G18: 6 | I18: 4 | J18: 5 | Q18: 2
A19: 00018 | B19: DiveBomber | C19: 深海鱼雷机Ⅲ型 | D19: 鱼雷机 | G19: 11 | I19: 7 | J19: 5 | P19: 4 | Q19: 2
A20: 00019 | B20: Fighter | C20: 深海战斗机Ⅰ型 | D20: 战斗机 | P20: 2 | Q20: 2
A21: 00020 | B21: Fighter | C21: 深海战斗机Ⅱ型 | D21: 战斗机 | P21: 5 | Q21: 2
A22: 00021 | B22: Fighter | C22: 深海战斗机Ⅲ型 | D22: 战斗机 | P22: 9 | Q22: 2
A23: 00022 | B23: Fighter | C23: 深海高速战斗机 | D23: 战斗机 | P23: 13 | Q23: 2
A24: 00023 | B24: Bomber | C24: 深海轰炸机Ⅰ型 | D24: 轰炸机 | I24: 1 | O24: 3 | Q24: 2
A25: 00024 | B25: Bomber | C25: 深海轰炸机Ⅱ型 | D25: 轰炸机 | I25: 2 | O25: 6 | Q25: 2
A26: 00025 | B26: ScoutPlane | C26: 深海侦察机 | D26: 侦察机 | I26: 1 | J26: 5 | O26: 1 | P26: 1 | Q26: 2
A27: 00026 | B27: ScoutPlane | C27: 深海高速侦察机 | D27: 侦察机 | I27: 2 | J27: 10 | O27: 4 | P27: 2 | Q27: 2
A28: 00027 | B28: Radar | C28: 对空雷达Ⅰ型 | D28: 雷达 | J28: 5 | K28: 5 | P28: 5 | Q28: 2 | R28: 0.5
A29: 00028 | B29: Radar | C29: 对海雷达Ⅰ型 | D29: 雷达 | J29: 5 | K29: 10 | Q29: 2 | R29: 0.2
A30: 00029 | B30: Radar | C30: 对空雷达Ⅱ型 | D30: 雷达 | J30: 10 | K30: 15 | Q30: 2 | R30: 0.5
A31: 00030 | B31: Radar | C31: 对海雷达Ⅱ型 | D31: 雷达 | J31: 10 | K31: 5 | P31: 10 | Q31: 2 | R31: 0.2
A32: 00031 | B32: Radar | C32: 对空雷达Ⅲ型 | D32: 雷达 | I32: 5 | J32: 16 | K32: 24 | M32: 3 | P32: 5 | Q32: 2 | R32: 0.5
A33: 00032 | B33: Radar | C33: 对海雷达Ⅲ型 | D33: 雷达 | I33: 5 | J33: 12 | K33: 16 | M33: 2 | P33: 18 | Q33: 2 | R33: 0.2
A34: 00033 | B34: Accessory | C34: 深海动力系统Ⅰ型 | D34: 强化部件 | M34: 10 | Q34: 2
A35: 00034 | B35: Accessory | C35: 深海动力系统Ⅱ型 | D35: 强化部件 | M35: 15 | Q35: 2
A36: 00035 | B36: Shell | C36: 延时引信防空炮弹 | D36: 炮弹 | P36: 10 | Q36: 2
A37: 00036 | B37: Shell | C37: 深海特制穿甲弹 | D37: 炮弹 | F37: 15 | K37: 5 | Q37: 2
A38: 00037 | B38: AntiAirGun | C38: 小型防空机枪 | D38: 防空炮 | P38: 2 | Q38: 2 | R38: 0.4
A39: 00038 | B39: AntiAirGun | C39: 中型防空机枪 | D39: 防空炮 | P39: 4 | Q39: 2 | R39: 0.4
A40: 00039 | B40: AntiAirGun | C40: 大型防空机枪 | D40: 防空炮 | P40: 8 | Q40: 2 | R40: 0.4
A41: 00040 | B41: AntiAirGun | C41: 大型联装防空机枪 | D41: 防空炮 | P41: 12 | Q41: 2 | R41: 0.4
A42: 00041 | B42: Torpedo | C42: 深海高速鱼雷 | D42: 鱼雷 | G42: 18 | K42: 5 | Q42: 2
A43: 00042 | B43: DepthMine | C43: 深海深弹投射器Ⅰ型 | D43: 深投 | I43: 7 | Q43: 2
A44: 00043 | B44: Sonar | C44: 深海声纳Ⅰ型 | D44: 声纳 | I44: 9 | Q44: 2
A45: 00044 | B45: DepthMine | C45: 深海深弹投射器Ⅱ型 | D45: 深投 | I45: 13 | Q45: 2
A46: 00045 | B46: Sonar | C46: 深海声纳Ⅱ型 | D46: 声纳 | I46: 16 | Q46: 2
A47: 00046 | B47: Bomber | C47: 深海高速轰炸机 | D47: 轰炸机 | I47: 7 | O47: 10 | P47: 8 | Q47: 2
A48: 00047 | B48: Launcher | C48: 上游-1发射器 | D48: 导弹发射器 | F48: 2 | Q48: 2
A49: 00048 | B49: Launcher | C49: MK-10导弹发射器 | D49: 防空导弹发射器 | K49: 3 | Q49: 2
A50: 00049 | B50: Launcher | C50: MK13导弹发射系统 | D50: 防空导弹发射器 | F50: 3 | K50: 1 | Q50: 2
A51: 00050 | B51: Launcher | C51: СМ-59-1发射架 | D51: 导弹发射器 | F51: 2 | M51: 2 | Q51: 2
A52: 00051 | B52: NormalMissile | C52: 上游-1导弹 | D52: 反舰导弹 | F52: 20 | Q52: 2 | S52: 20
A53: 00052 | B53: AntiMissile | C53: 小猎犬导弹 | D53: 防空导弹 | F53: 15 | P53: 17 | Q53: 2 | R53: 0.73 | T53: 25
A54: 00053 | B54: AntiMissile | C54: 黄铜骑士H | D54: 防空导弹 | F54: 26 | P54: 8 | Q54: 2 | R54: 0.6 | T54: 20
A55: 00054 | B55: NormalMissile | C55: “狗鱼”反舰导弹 | D55: 反舰导弹 | F55: 18 | Q55: 2 | S55: 18
A56: 00055 | B56: Launcher | C56: СМ-70旋转发射器 | D56: 导弹发射器 | F56: 4 | K56: 2 | Q56: 1 | V56: 格罗兹尼装备时提高10%回避率 | W56: Cid(533,{miss_rate:0.1})
A57: 00056 | B57: LongMissile | C57: П-35反舰导弹 | D57: 远程反舰导弹 | F57: 25 | Q57: 1 | S57: 22 | U57: 12 | V57: 增加10%护甲穿透(同类弹药效果只生效一个)，格罗兹尼装备时提高5%护甲穿透 | W57: pierce_coef:0.1;Cid(533,{pierce_coef:0.05,stack})
A58: 00057 | B58: Launcher | C58: 防空导弹作战系统 | D58: 防空导弹发射器 | F58: 3 | J58: 5 | K58: 5 | P58: 5 | Q58: 3.5 | R58: 0.75 | V58: 对空补正75%；对空倍率3.5
A59: 00058 | B59: AntiMissile | C59: S-75防空导弹 | D59: 防空导弹 | F59: 23 | P59: 16 | Q59: 3.8 | R59: 0.8 | T59: 19 | U59: 7
A60: 00059 | B60: DiveBomber | C60: S-2反潜机 | D60: 鱼雷机 | G60: 11 | I60: 16 | J60: 5 | M60: 3 | Q60: 1 | U60: 5 | V60: 增加5%命中率，先制反潜阶段额外增加5%命中率 | W60: {hit_rate:0.05;hit_rate:0.05,AntiSubPhase}
A61: 00060 | B61: DiveBomber | C61: E-1预警机 | D61: 鱼雷机 | G61: 10 | I61: 12 | J61: 15 | K61: 6 | M61: 6 | Q61: 1 | U61: 5 | V61: 增加5%命中率 | W61: hit_rate:0.05
A62: 00061 | B62: Bomber | C62: 景云改 | D62: 轰炸机 | O62: 13 | P62: 2 | Q62: 1 | U62: 6 | V62: 铝耗6
A63: 00062 | B63: DiveBomber | C63: 天河 | D63: 鱼雷机 | G63: 12 | J63: 1 | K63: 1 | M63: 1 | Q63: 1 | U63: 6 | V63: 铝耗6
A64: 00063 | B64: Fighter | C64: 震电 | D64: 战斗机 | M64: 3 | P64: 12 | Q64: 1 | U64: 6 | V64: 铝耗6
A65: 00064 | B65: Fighter | C65: F2H报丧女妖 | D65: 战斗机 | P65: 15 | Q65: 1 | U65: 8 | V65: 铝耗8
A66: 00065 | B66: Bomber | C66: A-1 | D66: 轰炸机 | I66: 1 | K66: 2 | O66: 15 | Q66: 1 | U66: 7 | V66: 铝耗7
A67: 00066 | B67: NormalMissile | C67: RGM-84鱼叉反舰导弹 | D67: 导弹 | F67: 21 | Q67: 1 | S67: 24 | U67: 8 | V67: 铝耗8
A68: 00067 | B68: Launcher | C68: MK.141导弹发射架 | D68: 导弹发射器 | K68: 2 | M68: 2 | Q68: 1
A69: 00068 | B69: NormalMissile | C69: 鹰击反舰导弹(潜射) | D69: 导弹 | F69: 22 | M69: 1 | Q69: 1 | S69: 23 | U69: 9 | V69: 712 | Z69: 增加10%护甲穿透(同类弹药效果只生效一个)，351装备时提高20%伤害 | AA69: pierce_coef:0.1;Cid(601,{final_damage_buff:0.2})
A70: 00069 | B70: Launcher | C70: 潜载发射筒(033G) | D70: 导弹发射器 | F70: 4 | K70: 2 | Q70: 1 | V70: 713 | Z70: 351装备时提高10%回避率 | AA70: Cid(601,{miss_rate:0.1})

Sheet 海图
A1: pid | B1: 名称 | C1: 种类 | D1: 点位等级 | E1: 迂回 | F1: 阵容1 | M1: 备注1 | S1: 阵容2 | Z1: 备注2 | AF1: 阵容3 | AM1: 备注3
A2: 00000 | B2: α | C2: Entrance | D2: 0 | E2: 0 | M2: =IFERROR(VLOOKUP(G2,'舰船数据-深海'!$A:$C,3,FALSE),) -> 0 | N2: =IFERROR(VLOOKUP(H2,'舰船数据-深海'!$A:$C,3,FALSE),) -> 0 | O2: =IFERROR(VLOOKUP(I2,'舰船数据-深海'!$A:$C,3,FALSE),) -> 0 | P2: =IFERROR(VLOOKUP(J2,'舰船数据-深海'!$A:$C,3,FALSE),) -> 0 | Q2: =IFERROR(VLOOKUP(K2,'舰船数据-深海'!$A:$C,3,FALSE),) -> 0 | R2: =IFERROR(VLOOKUP(L2,'舰船数据-深海'!$A:$C,3,FALSE),) -> 0 | Z2: =IFERROR(VLOOKUP(T2,'舰船数据-深海'!$A:$C,3,FALSE),) -> 0 | AA2: =IFERROR(VLOOKUP(U2,'舰船数据-深海'!$A:$C,3,FALSE),) -> 0 | AB2: =IFERROR(VLOOKUP(V2,'舰船数据-深海'!$A:$C,3,FALSE),) -> 0 | AC2: =IFERROR(VLOOKUP(W2,'舰船数据-深海'!$A:$C,3,FALSE),) -> 0 | AD2: =IFERROR(VLOOKUP(X2,'舰船数据-深海'!$A:$C,3,FALSE),) -> 0 | AE2: =IFERROR(VLOOKUP(Y2,'舰船数据-深海'!$A:$C,3,FALSE),) -> 0 | AM2: =IFERROR(VLOOKUP(AG2,'舰船数据-深海'!$A:$C,3,FALSE),) -> 0 | AN2: =IFERROR(VLOOKUP(AH2,'舰船数据-深海'!$A:$C,3,FALSE),) -> 0 | AO2: =IFERROR(VLOOKUP(AI2,'舰船数据-深海'!$A:$C,3,FALSE),) -> 0 | AP2: =IFERROR(VLOOKUP(AJ2,'舰船数据-深海'!$A:$C,3,FALSE),) -> 0 | AQ2: =IFERROR(VLOOKUP(AK2,'舰船数据-深海'!$A:$C,3,FALSE),) -> 0 | AR2: =IFERROR(VLOOKUP(AL2,'舰船数据-深海'!$A:$C,3,FALSE),) -> 0
A3: 00001 | B3: B | C3: NormalBattle | D3: 1 | E3: 0 | F3: 1 | G3: 00067 | H3: 00067 | I3: 00090 | J3: 00090 | K3: 00093 | L3: 00093 | M3: =IFERROR(VLOOKUP(G3,'舰船数据-深海'!$A:$C,3,FALSE),) -> 战巡Κ级Ⅲ型 | N3: =IFERROR(VLOOKUP(H3,'舰船数据-深海'!$A:$C,3,FALSE),) -> 战巡Κ级Ⅲ型 | O3: =IFERROR(VLOOKUP(I3,'舰船数据-深海'!$A:$C,3,FALSE),) -> 重巡Ω级Ⅱ型 | P3: =IFERROR(VLOOKUP(J3,'舰船数据-深海'!$A:$C,3,FALSE),) -> 重巡Ω级Ⅱ型 | Q3: =IFERROR(VLOOKUP(K3,'舰船数据-深海'!$A:$C,3,FALSE),) -> 轻巡ei级Ⅰ型 | R3: =IFERROR(VLOOKUP(L3,'舰船数据-深海'!$A:$C,3,FALSE),) -> 轻巡ei级Ⅰ型 | Z3: =IFERROR(VLOOKUP(T3,'舰船数据-深海'!$A:$C,3,FALSE),) -> 0 | AA3: =IFERROR(VLOOKUP(U3,'舰船数据-深海'!$A:$C,3,FALSE),) -> 0 | AB3: =IFERROR(VLOOKUP(V3,'舰船数据-深海'!$A:$C,3,FALSE),) -> 0 | AC3: =IFERROR(VLOOKUP(W3,'舰船数据-深海'!$A:$C,3,FALSE),) -> 0 | AD3: =IFERROR(VLOOKUP(X3,'舰船数据-深海'!$A:$C,3,FALSE),) -> 0 | AE3: =IFERROR(VLOOKUP(Y3,'舰船数据-深海'!$A:$C,3,FALSE),) -> 0 | AM3: =IFERROR(VLOOKUP(AG3,'舰船数据-深海'!$A:$C,3,FALSE),) -> 0 | AN3: =IFERROR(VLOOKUP(AH3,'舰船数据-深海'!$A:$C,3,FALSE),) -> 0 | AO3: =IFERROR(VLOOKUP(AI3,'舰船数据-深海'!$A:$C,3,FALSE),) -> 0 | AP3: =IFERROR(VLOOKUP(AJ3,'舰船数据-深海'!$A:$C,3,FALSE),) -> 0 | AQ3: =IFERROR(VLOOKUP(AK3,'舰船数据-深海'!$A:$C,3,FALSE),) -> 0 | AR3: =IFERROR(VLOOKUP(AL3,'舰船数据-深海'!$A:$C,3,FALSE),) -> 0
A4: 00002 | B4: F | C4: NormalBattle | D4: 2 | E4: 0 | F4: 1 | G4: 00207 | H4: 00087 | I4: 00019 | J4: 00033 | K4: 00095 | L4: 00094 | M4: =IFERROR(VLOOKUP(G4,'舰船数据-深海'!$A:$C,3,FALSE),) -> 大巡ce级Ⅳ型 | N4: =IFERROR(VLOOKUP(H4,'舰船数据-深海'!$A:$C,3,FALSE),) -> 战列Ψ级Ⅲ型 | O4: =IFERROR(VLOOKUP(I4,'舰船数据-深海'!$A:$C,3,FALSE),) -> 航母Ο级Ⅳ型 | P4: =IFERROR(VLOOKUP(J4,'舰船数据-深海'!$A:$C,3,FALSE),) -> 轻母Ξ级Ⅲ型 | Q4: =IFERROR(VLOOKUP(K4,'舰船数据-深海'!$A:$C,3,FALSE),) -> 轻巡ei级Ⅲ型 | R4: =IFERROR(VLOOKUP(L4,'舰船数据-深海'!$A:$C,3,FALSE),) -> 轻巡ei级Ⅱ型 | Z4: =IFERROR(VLOOKUP(T4,'舰船数据-深海'!$A:$C,3,FALSE),) -> 0 | AA4: =IFERROR(VLOOKUP(U4,'舰船数据-深海'!$A:$C,3,FALSE),) -> 0 | AB4: =IFERROR(VLOOKUP(V4,'舰船数据-深海'!$A:$C,3,FALSE),) -> 0 | AC4: =IFERROR(VLOOKUP(W4,'舰船数据-深海'!$A:$C,3,FALSE),) -> 0 | AD4: =IFERROR(VLOOKUP(X4,'舰船数据-深海'!$A:$C,3,FALSE),) -> 0 | AE4: =IFERROR(VLOOKUP(Y4,'舰船数据-深海'!$A:$C,3,FALSE),) -> 0 | AM4: =IFERROR(VLOOKUP(AG4,'舰船数据-深海'!$A:$C,3,FALSE),) -> 0 | AN4: =IFERROR(VLOOKUP(AH4,'舰船数据-深海'!$A:$C,3,FALSE),) -> 0 | AO4: =IFERROR(VLOOKUP(AI4,'舰船数据-深海'!$A:$C,3,FALSE),) -> 0 | AP4: =IFERROR(VLOOKUP(AJ4,'舰船数据-深海'!$A:$C,3,FALSE),) -> 0 | AQ4: =IFERROR(VLOOKUP(AK4,'舰船数据-深海'!$A:$C,3,FALSE),) -> 0 | AR4: =IFERROR(VLOOKUP(AL4,'舰船数据-深海'!$A:$C,3,FALSE),) -> 0
A5: 00003 | B5: I | C5: NormalBattle | D5: 3 | E5: 0 | F5: 1 | G5: 00088 | H5: 00088 | I5: 00019 | J5: 00019 | K5: 00075 | M5: =IFERROR(VLOOKUP(G5,'舰船数据-深海'!$A:$C,3,FALSE),) -> 战列Ψ级Ⅳ型 | N5: =IFERROR(VLOOKUP(H5,'舰船数据-深海'!$A:$C,3,FALSE),) -> 战列Ψ级Ⅳ型 | O5: =IFERROR(VLOOKUP(I5,'舰船数据-深海'!$A:$C,3,FALSE),) -> 航母Ο级Ⅳ型 | P5: =IFERROR(VLOOKUP(J5,'舰船数据-深海'!$A:$C,3,FALSE),) -> 航母Ο级Ⅳ型 | Q5: =IFERROR(VLOOKUP(K5,'舰船数据-深海'!$A:$C,3,FALSE),) -> 驱逐Τ级Ⅲ型 | R5: =IFERROR(VLOOKUP(L5,'舰船数据-深海'!$A:$C,3,FALSE),) -> 0 | Z5: =IFERROR(VLOOKUP(T5,'舰船数据-深海'!$A:$C,3,FALSE),) -> 0 | AA5: =IFERROR(VLOOKUP(U5,'舰船数据-深海'!$A:$C,3,FALSE),) -> 0 | AB5: =IFERROR(VLOOKUP(V5,'舰船数据-深海'!$A:$C,3,FALSE),) -> 0 | AC5: =IFERROR(VLOOKUP(W5,'舰船数据-深海'!$A:$C,3,FALSE),) -> 0 | AD5: =IFERROR(VLOOKUP(X5,'舰船数据-深海'!$A:$C,3,FALSE),) -> 0 | AE5: =IFERROR(VLOOKUP(Y5,'舰船数据-深海'!$A:$C,3,FALSE),) -> 0 | AM5: =IFERROR(VLOOKUP(AG5,'舰船数据-深海'!$A:$C,3,FALSE),) -> 0 | AN5: =IFERROR(VLOOKUP(AH5,'舰船数据-深海'!$A:$C,3,FALSE),) -> 0 | AO5: =IFERROR(VLOOKUP(AI5,'舰船数据-深海'!$A:$C,3,FALSE),) -> 0 | AP5: =IFERROR(VLOOKUP(AJ5,'舰船数据-深海'!$A:$C,3,FALSE),) -> 0 | AQ5: =IFERROR(VLOOKUP(AK5,'舰船数据-深海'!$A:$C,3,FALSE),) -> 0 | AR5: =IFERROR(VLOOKUP(AL5,'舰船数据-深海'!$A:$C,3,FALSE),) -> 0
A6: 00004 | B6: N | C6: NormalBattle | D6: 5 | E6: 0 | F6: 1 | G6: 01031 | H6: 01032 | I6: 01033 | J6: 01034 | K6: 01035 | L6: 01036 | M6: =IFERROR(VLOOKUP(G6,'舰船数据-深海'!$A:$C,3,FALSE),) -> Taiho | N6: =IFERROR(VLOOKUP(H6,'舰船数据-深海'!$A:$C,3,FALSE),) -> X. Fliegerkorps | O6: =IFERROR(VLOOKUP(I6,'舰船数据-深海'!$A:$C,3,FALSE),) -> Cyou-yamato | P6: =IFERROR(VLOOKUP(J6,'舰船数据-深海'!$A:$C,3,FALSE),) -> Musashi | Q6: =IFERROR(VLOOKUP(K6,'舰船数据-深海'!$A:$C,3,FALSE),) -> Zumwalt | R6: =IFERROR(VLOOKUP(L6,'舰船数据-深海'!$A:$C,3,FALSE),) -> SouthDakota | Z6: =IFERROR(VLOOKUP(T6,'舰船数据-深海'!$A:$C,3,FALSE),) -> 0 | AA6: =IFERROR(VLOOKUP(U6,'舰船数据-深海'!$A:$C,3,FALSE),) -> 0 | AB6: =IFERROR(VLOOKUP(V6,'舰船数据-深海'!$A:$C,3,FALSE),) -> 0 | AC6: =IFERROR(VLOOKUP(W6,'舰船数据-深海'!$A:$C,3,FALSE),) -> 0 | AD6: =IFERROR(VLOOKUP(X6,'舰船数据-深海'!$A:$C,3,FALSE),) -> 0 | AE6: =IFERROR(VLOOKUP(Y6,'舰船数据-深海'!$A:$C,3,FALSE),) -> 0 | AM6: =IFERROR(VLOOKUP(AG6,'舰船数据-深海'!$A:$C,3,FALSE),) -> 0 | AN6: =IFERROR(VLOOKUP(AH6,'舰船数据-深海'!$A:$C,3,FALSE),) -> 0 | AO6: =IFERROR(VLOOKUP(AI6,'舰船数据-深海'!$A:$C,3,FALSE),) -> 0 | AP6: =IFERROR(VLOOKUP(AJ6,'舰船数据-深海'!$A:$C,3,FALSE),) -> 0 | AQ6: =IFERROR(VLOOKUP(AK6,'舰船数据-深海'!$A:$C,3,FALSE),) -> 0 | AR6: =IFERROR(VLOOKUP(AL6,'舰船数据-深海'!$A:$C,3,FALSE),) -> 0
A7: 00005 | B7: A | C7: NormalBattle | D7: 1 | E7: 0 | F7: 1 | G7: 00018 | H7: 00018 | I7: 00090 | J7: 00090 | K7: 00074 | L7: 00074 | M7: =IFERROR(VLOOKUP(G7,'舰船数据-深海'!$A:$C,3,FALSE),) -> 航母Ο级Ⅲ型 | N7: =IFERROR(VLOOKUP(H7,'舰船数据-深海'!$A:$C,3,FALSE),) -> 航母Ο级Ⅲ型 | O7: =IFERROR(VLOOKUP(I7,'舰船数据-深海'!$A:$C,3,FALSE),) -> 重巡Ω级Ⅱ型 | P7: =IFERROR(VLOOKUP(J7,'舰船数据-深海'!$A:$C,3,FALSE),) -> 重巡Ω级Ⅱ型 | Q7: =IFERROR(VLOOKUP(K7,'舰船数据-深海'!$A:$C,3,FALSE),) -> 驱逐Τ级Ⅱ型 | R7: =IFERROR(VLOOKUP(L7,'舰船数据-深海'!$A:$C,3,FALSE),) -> 驱逐Τ级Ⅱ型 | Z7: =IFERROR(VLOOKUP(T7,'舰船数据-深海'!$A:$C,3,FALSE),) -> 0 | AA7: =IFERROR(VLOOKUP(U7,'舰船数据-深海'!$A:$C,3,FALSE),) -> 0 | AB7: =IFERROR(VLOOKUP(V7,'舰船数据-深海'!$A:$C,3,FALSE),) -> 0 | AC7: =IFERROR(VLOOKUP(W7,'舰船数据-深海'!$A:$C,3,FALSE),) -> 0 | AD7: =IFERROR(VLOOKUP(X7,'舰船数据-深海'!$A:$C,3,FALSE),) -> 0 | AE7: =IFERROR(VLOOKUP(Y7,'舰船数据-深海'!$A:$C,3,FALSE),) -> 0 | AM7: =IFERROR(VLOOKUP(AG7,'舰船数据-深海'!$A:$C,3,FALSE),) -> 0 | AN7: =IFERROR(VLOOKUP(AH7,'舰船数据-深海'!$A:$C,3,FALSE),) -> 0 | AO7: =IFERROR(VLOOKUP(AI7,'舰船数据-深海'!$A:$C,3,FALSE),) -> 0 | AP7: =IFERROR(VLOOKUP(AJ7,'舰船数据-深海'!$A:$C,3,FALSE),) -> 0 | AQ7: =IFERROR(VLOOKUP(AK7,'舰船数据-深海'!$A:$C,3,FALSE),) -> 0 | AR7: =IFERROR(VLOOKUP(AL7,'舰船数据-深海'!$A:$C,3,FALSE),) -> 0
A8: 00006 | B8: D | C8: NormalBattle | D8: 2 | E8: 0 | F8: 1 | G8: 00087 | H8: 00087 | I8: 00091 | J8: 00091 | K8: 00090 | L8: 00090 | M8: =IFERROR(VLOOKUP(G8,'舰船数据-深海'!$A:$C,3,FALSE),) -> 战列Ψ级Ⅲ型 | N8: =IFERROR(VLOOKUP(H8,'舰船数据-深海'!$A:$C,3,FALSE),) -> 战列Ψ级Ⅲ型 | O8: =IFERROR(VLOOKUP(I8,'舰船数据-深海'!$A:$C,3,FALSE),) -> 重巡Ω级Ⅲ型 | P8: =IFERROR(VLOOKUP(J8,'舰船数据-深海'!$A:$C,3,FALSE),) -> 重巡Ω级Ⅲ型 | Q8: =IFERROR(VLOOKUP(K8,'舰船数据-深海'!$A:$C,3,FALSE),) -> 重巡Ω级Ⅱ型 | R8: =IFERROR(VLOOKUP(L8,'舰船数据-深海'!$A:$C,3,FALSE),) -> 重巡Ω级Ⅱ型 | Z8: =IFERROR(VLOOKUP(T8,'舰船数据-深海'!$A:$C,3,FALSE),) -> 0 | AA8: =IFERROR(VLOOKUP(U8,'舰船数据-深海'!$A:$C,3,FALSE),) -> 0 | AB8: =IFERROR(VLOOKUP(V8,'舰船数据-深海'!$A:$C,3,FALSE),) -> 0 | AC8: =IFERROR(VLOOKUP(W8,'舰船数据-深海'!$A:$C,3,FALSE),) -> 0 | AD8: =IFERROR(VLOOKUP(X8,'舰船数据-深海'!$A:$C,3,FALSE),) -> 0 | AE8: =IFERROR(VLOOKUP(Y8,'舰船数据-深海'!$A:$C,3,FALSE),) -> 0 | AM8: =IFERROR(VLOOKUP(AG8,'舰船数据-深海'!$A:$C,3,FALSE),) -> 0 | AN8: =IFERROR(VLOOKUP(AH8,'舰船数据-深海'!$A:$C,3,FALSE),) -> 0 | AO8: =IFERROR(VLOOKUP(AI8,'舰船数据-深海'!$A:$C,3,FALSE),) -> 0 | AP8: =IFERROR(VLOOKUP(AJ8,'舰船数据-深海'!$A:$C,3,FALSE),) -> 0 | AQ8: =IFERROR(VLOOKUP(AK8,'舰船数据-深海'!$A:$C,3,FALSE),) -> 0 | AR8: =IFERROR(VLOOKUP(AL8,'舰船数据-深海'!$A:$C,3,FALSE),) -> 0
A9: 00007 | B9: H | C9: NormalBattle | D9: 3 | E9: 0 | F9: 1 | G9: 00068 | H9: 00068 | I9: 00019 | J9: 00019 | K9: 00079 | L9: 00079 | M9: =IFERROR(VLOOKUP(G9,'舰船数据-深海'!$A:$C,3,FALSE),) -> 战巡Κ级Ⅳ型 | N9: =IFERROR(VLOOKUP(H9,'舰船数据-深海'!$A:$C,3,FALSE),) -> 战巡Κ级Ⅳ型 | O9: =IFERROR(VLOOKUP(I9,'舰船数据-深海'!$A:$C,3,FALSE),) -> 航母Ο级Ⅳ型 | P9: =IFERROR(VLOOKUP(J9,'舰船数据-深海'!$A:$C,3,FALSE),) -> 航母Ο级Ⅳ型 | Q9: =IFERROR(VLOOKUP(K9,'舰船数据-深海'!$A:$C,3,FALSE),) -> 潜艇Φ级Ⅲ型 | R9: =IFERROR(VLOOKUP(L9,'舰船数据-深海'!$A:$C,3,FALSE),) -> 潜艇Φ级Ⅲ型 | Z9: =IFERROR(VLOOKUP(T9,'舰船数据-深海'!$A:$C,3,FALSE),) -> 0 | AA9: =IFERROR(VLOOKUP(U9,'舰船数据-深海'!$A:$C,3,FALSE),) -> 0 | AB9: =IFERROR(VLOOKUP(V9,'舰船数据-深海'!$A:$C,3,FALSE),) -> 0 | AC9: =IFERROR(VLOOKUP(W9,'舰船数据-深海'!$A:$C,3,FALSE),) -> 0 | AD9: =IFERROR(VLOOKUP(X9,'舰船数据-深海'!$A:$C,3,FALSE),) -> 0 | AE9: =IFERROR(VLOOKUP(Y9,'舰船数据-深海'!$A:$C,3,FALSE),) -> 0 | AM9: =IFERROR(VLOOKUP(AG9,'舰船数据-深海'!$A:$C,3,FALSE),) -> 0 | AN9: =IFERROR(VLOOKUP(AH9,'舰船数据-深海'!$A:$C,3,FALSE),) -> 0 | AO9: =IFERROR(VLOOKUP(AI9,'舰船数据-深海'!$A:$C,3,FALSE),) -> 0 | AP9: =IFERROR(VLOOKUP(AJ9,'舰船数据-深海'!$A:$C,3,FALSE),) -> 0 | AQ9: =IFERROR(VLOOKUP(AK9,'舰船数据-深海'!$A:$C,3,FALSE),) -> 0 | AR9: =IFERROR(VLOOKUP(AL9,'舰船数据-深海'!$A:$C,3,FALSE),) -> 0
A10: 00101 | B10: N | C10: NormalBattle | D10: 5 | E10: 0 | F10: 4 | G10: 01041 | H10: 01042 | I10: 01043 | J10: 01044 | K10: 01045 | L10: 01046 | M10: =IFERROR(VLOOKUP(G10,'舰船数据-深海'!$A:$C,3,FALSE),) -> Hindenburg | N10: =IFERROR(VLOOKUP(H10,'舰船数据-深海'!$A:$C,3,FALSE),) -> Peter Strasser | O10: =IFERROR(VLOOKUP(I10,'舰船数据-深海'!$A:$C,3,FALSE),) -> Leopold(K5) | P10: =IFERROR(VLOOKUP(J10,'舰船数据-深海'!$A:$C,3,FALSE),) -> Bismarck | Q10: =IFERROR(VLOOKUP(K10,'舰船数据-深海'!$A:$C,3,FALSE),) -> Prinz Eugen | R10: =IFERROR(VLOOKUP(L10,'舰船数据-深海'!$A:$C,3,FALSE),) -> U-99 | S10: 2 | T10: 01041 | U10: 01042 | V10: 01043 | W10: 01044 | X10: 01045 | Y10: 01046 | Z10: =IFERROR(VLOOKUP(T10,'舰船数据-深海'!$A:$C,3,FALSE),) -> Hindenburg | AA10: =IFERROR(VLOOKUP(U10,'舰船数据-深海'!$A:$C,3,FALSE),) -> Peter Strasser | AB10: =IFERROR(VLOOKUP(V10,'舰船数据-深海'!$A:$C,3,FALSE),) -> Leopold(K5) | AC10: =IFERROR(VLOOKUP(W10,'舰船数据-深海'!$A:$C,3,FALSE),) -> Bismarck | AD10: =IFERROR(VLOOKUP(X10,'舰船数据-深海'!$A:$C,3,FALSE),) -> Prinz Eugen | AE10: =IFERROR(VLOOKUP(Y10,'舰船数据-深海'!$A:$C,3,FALSE),) -> U-99 | AF10: 5 | AG10: 01041 | AH10: 01042 | AI10: 01043 | AJ10: 01044 | AK10: 01045 | AL10: 01046 | AM10: =IFERROR(VLOOKUP(AG10,'舰船数据-深海'!$A:$C,3,FALSE),) -> Hindenburg | AN10: =IFERROR(VLOOKUP(AH10,'舰船数据-深海'!$A:$C,3,FALSE),) -> Peter Strasser | AO10: =IFERROR(VLOOKUP(AI10,'舰船数据-深海'!$A:$C,3,FALSE),) -> Leopold(K5) | AP10: =IFERROR(VLOOKUP(AJ10,'舰船数据-深海'!$A:$C,3,FALSE),) -> Bismarck | AQ10: =IFERROR(VLOOKUP(AK10,'舰船数据-深海'!$A:$C,3,FALSE),) -> Prinz Eugen | AR10: =IFERROR(VLOOKUP(AL10,'舰船数据-深海'!$A:$C,3,FALSE),) -> U-99
A11: 00201 | B11: A | C11: NormalBattle | D11: 1 | E11: 0 | F11: 2 | G11: 00046 | H11: 00092 | I11: 00092 | J11: 00096 | K11: 00076 | L11: 00203 | M11: =IFERROR(VLOOKUP(G11,'舰船数据-深海'!$A:$C,3,FALSE),) -> 战列Λ级Ⅳ型 | N11: =IFERROR(VLOOKUP(H11,'舰船数据-深海'!$A:$C,3,FALSE),) -> 重巡Ω级Ⅳ型 | O11: =IFERROR(VLOOKUP(I11,'舰船数据-深海'!$A:$C,3,FALSE),) -> 重巡Ω级Ⅳ型 | P11: =IFERROR(VLOOKUP(J11,'舰船数据-深海'!$A:$C,3,FALSE),) -> 轻巡ei级Ⅳ型 | Q11: =IFERROR(VLOOKUP(K11,'舰船数据-深海'!$A:$C,3,FALSE),) -> 驱逐Τ级Ⅳ型 | R11: =IFERROR(VLOOKUP(L11,'舰船数据-深海'!$A:$C,3,FALSE),) -> 防驱be级Ⅳ型
A12: 00202 | B12: B | C12: NormalBattle | D12: 1 | E12: 0 | F12: 1 | G12: 00046 | H12: 00034 | I12: 00076 | J12: 00096 | K12: 00076 | L12: 00096 | M12: =IFERROR(VLOOKUP(G12,'舰船数据-深海'!$A:$C,3,FALSE),) -> 战列Λ级Ⅳ型 | N12: =IFERROR(VLOOKUP(H12,'舰船数据-深海'!$A:$C,3,FALSE),) -> 轻母Ξ级Ⅳ型 | O12: =IFERROR(VLOOKUP(I12,'舰船数据-深海'!$A:$C,3,FALSE),) -> 驱逐Τ级Ⅳ型 | P12: =IFERROR(VLOOKUP(J12,'舰船数据-深海'!$A:$C,3,FALSE),) -> 轻巡ei级Ⅳ型 | Q12: =IFERROR(VLOOKUP(K12,'舰船数据-深海'!$A:$C,3,FALSE),) -> 驱逐Τ级Ⅳ型 | R12: =IFERROR(VLOOKUP(L12,'舰船数据-深海'!$A:$C,3,FALSE),) -> 轻巡ei级Ⅳ型
A13: 00203 | B13: C | C13: NormalBattle | D13: 1 | E13: 0 | F13: 1 | G13: 00046 | H13: 00034 | I13: 00092 | J13: 00092 | K13: 00076 | L13: 00076 | M13: =IFERROR(VLOOKUP(G13,'舰船数据-深海'!$A:$C,3,FALSE),) -> 战列Λ级Ⅳ型 | N13: =IFERROR(VLOOKUP(H13,'舰船数据-深海'!$A:$C,3,FALSE),) -> 轻母Ξ级Ⅳ型 | O13: =IFERROR(VLOOKUP(I13,'舰船数据-深海'!$A:$C,3,FALSE),) -> 重巡Ω级Ⅳ型 | P13: =IFERROR(VLOOKUP(J13,'舰船数据-深海'!$A:$C,3,FALSE),) -> 重巡Ω级Ⅳ型 | Q13: =IFERROR(VLOOKUP(K13,'舰船数据-深海'!$A:$C,3,FALSE),) -> 驱逐Τ级Ⅳ型 | R13: =IFERROR(VLOOKUP(L13,'舰船数据-深海'!$A:$C,3,FALSE),) -> 驱逐Τ级Ⅳ型
A14: 00204 | B14: D | C14: NormalBattle | D14: 2 | E14: 1 | F14: 2 | G14: 00046 | H14: 00046 | I14: 00068 | J14: 00092 | K14: 00096 | L14: 00076 | M14: =IFERROR(VLOOKUP(G14,'舰船数据-深海'!$A:$C,3,FALSE),) -> 战列Λ级Ⅳ型 | N14: =IFERROR(VLOOKUP(H14,'舰船数据-深海'!$A:$C,3,FALSE),) -> 战列Λ级Ⅳ型 | O14: =IFERROR(VLOOKUP(I14,'舰船数据-深海'!$A:$C,3,FALSE),) -> 战巡Κ级Ⅳ型 | P14: =IFERROR(VLOOKUP(J14,'舰船数据-深海'!$A:$C,3,FALSE),) -> 重巡Ω级Ⅳ型 | Q14: =IFERROR(VLOOKUP(K14,'舰船数据-深海'!$A:$C,3,FALSE),) -> 轻巡ei级Ⅳ型 | R14: =IFERROR(VLOOKUP(L14,'舰船数据-深海'!$A:$C,3,FALSE),) -> 驱逐Τ级Ⅳ型
A15: 00205 | B15: F | C15: NormalBattle | D15: 2 | E15: 0 | F15: 1 | G15: 00046 | H15: 00068 | I15: 00034 | J15: 00092 | K15: 00092 | L15: 00096 | M15: =IFERROR(VLOOKUP(G15,'舰船数据-深海'!$A:$C,3,FALSE),) -> 战列Λ级Ⅳ型 | N15: =IFERROR(VLOOKUP(H15,'舰船数据-深海'!$A:$C,3,FALSE),) -> 战巡Κ级Ⅳ型 | O15: =IFERROR(VLOOKUP(I15,'舰船数据-深海'!$A:$C,3,FALSE),) -> 轻母Ξ级Ⅳ型 | P15: =IFERROR(VLOOKUP(J15,'舰船数据-深海'!$A:$C,3,FALSE),) -> 重巡Ω级Ⅳ型 | Q15: =IFERROR(VLOOKUP(K15,'舰船数据-深海'!$A:$C,3,FALSE),) -> 重巡Ω级Ⅳ型 | R15: =IFERROR(VLOOKUP(L15,'舰船数据-深海'!$A:$C,3,FALSE),) -> 轻巡ei级Ⅳ型
A16: 00206 | B16: G | C16: NormalBattle | D16: 2 | E16: 0 | F16: 2 | G16: 00046 | H16: 00046 | I16: 00092 | J16: 00034 | K16: 00096 | L16: 00096 | M16: =IFERROR(VLOOKUP(G16,'舰船数据-深海'!$A:$C,3,FALSE),) -> 战列Λ级Ⅳ型 | N16: =IFERROR(VLOOKUP(H16,'舰船数据-深海'!$A:$C,3,FALSE),) -> 战列Λ级Ⅳ型 | O16: =IFERROR(VLOOKUP(I16,'舰船数据-深海'!$A:$C,3,FALSE),) -> 重巡Ω级Ⅳ型 | P16: =IFERROR(VLOOKUP(J16,'舰船数据-深海'!$A:$C,3,FALSE),) -> 轻母Ξ级Ⅳ型 | Q16: =IFERROR(VLOOKUP(K16,'舰船数据-深海'!$A:$C,3,FALSE),) -> 轻巡ei级Ⅳ型 | R16: =IFERROR(VLOOKUP(L16,'舰船数据-深海'!$A:$C,3,FALSE),) -> 轻巡ei级Ⅳ型
A17: 00207 | B17: H | C17: NormalBattle | D17: 3 | E17: 0 | F17: 1 | G17: 00046 | H17: 00046 | I17: 00046 | J17: 00092 | K17: 00092 | L17: 00076 | M17: =IFERROR(VLOOKUP(G17,'舰船数据-深海'!$A:$C,3,FALSE),) -> 战列Λ级Ⅳ型 | N17: =IFERROR(VLOOKUP(H17,'舰船数据-深海'!$A:$C,3,FALSE),) -> 战列Λ级Ⅳ型 | O17: =IFERROR(VLOOKUP(I17,'舰船数据-深海'!$A:$C,3,FALSE),) -> 战列Λ级Ⅳ型 | P17: =IFERROR(VLOOKUP(J17,'舰船数据-深海'!$A:$C,3,FALSE),) -> 重巡Ω级Ⅳ型 | Q17: =IFERROR(VLOOKUP(K17,'舰船数据-深海'!$A:$C,3,FALSE),) -> 重巡Ω级Ⅳ型 | R17: =IFERROR(VLOOKUP(L17,'舰船数据-深海'!$A:$C,3,FALSE),) -> 驱逐Τ级Ⅳ型
A18: 00208 | B18: I | C18: MidPoint | D18: 4 | E18: 0 | M18: =IFERROR(VLOOKUP(G18,'舰船数据-深海'!$A:$C,3,FALSE),) -> 0 | N18: =IFERROR(VLOOKUP(H18,'舰船数据-深海'!$A:$C,3,FALSE),) -> 0 | O18: =IFERROR(VLOOKUP(I18,'舰船数据-深海'!$A:$C,3,FALSE),) -> 0 | P18: =IFERROR(VLOOKUP(J18,'舰船数据-深海'!$A:$C,3,FALSE),) -> 0 | Q18: =IFERROR(VLOOKUP(K18,'舰船数据-深海'!$A:$C,3,FALSE),) -> 0 | R18: =IFERROR(VLOOKUP(L18,'舰船数据-深海'!$A:$C,3,FALSE),) -> 0
A19: 00209 | B19: J | C19: MidPoint | D19: 2 | E19: 0 | M19: =IFERROR(VLOOKUP(G19,'舰船数据-深海'!$A:$C,3,FALSE),) -> 0 | N19: =IFERROR(VLOOKUP(H19,'舰船数据-深海'!$A:$C,3,FALSE),) -> 0 | O19: =IFERROR(VLOOKUP(I19,'舰船数据-深海'!$A:$C,3,FALSE),) -> 0 | P19: =IFERROR(VLOOKUP(J19,'舰船数据-深海'!$A:$C,3,FALSE),) -> 0 | Q19: =IFERROR(VLOOKUP(K19,'舰船数据-深海'!$A:$C,3,FALSE),) -> 0 | R19: =IFERROR(VLOOKUP(L19,'舰船数据-深海'!$A:$C,3,FALSE),) -> 0
A20: 00210 | B20: L | C20: MidPoint | D20: 4 | E20: 0 | M20: =IFERROR(VLOOKUP(G20,'舰船数据-深海'!$A:$C,3,FALSE),) -> 0 | N20: =IFERROR(VLOOKUP(H20,'舰船数据-深海'!$A:$C,3,FALSE),) -> 0 | O20: =IFERROR(VLOOKUP(I20,'舰船数据-深海'!$A:$C,3,FALSE),) -> 0 | P20: =IFERROR(VLOOKUP(J20,'舰船数据-深海'!$A:$C,3,FALSE),) -> 0 | Q20: =IFERROR(VLOOKUP(K20,'舰船数据-深海'!$A:$C,3,FALSE),) -> 0 | R20: =IFERROR(VLOOKUP(L20,'舰船数据-深海'!$A:$C,3,FALSE),) -> 0
A21: 00211 | B21: M | C21: NormalBattle | D21: 3 | E21: 0 | F21: 1 | G21: 00046 | H21: 00046 | I21: 00046 | J21: 00096 | K21: 00096 | L21: 00096 | M21: =IFERROR(VLOOKUP(G21,'舰船数据-深海'!$A:$C,3,FALSE),) -> 战列Λ级Ⅳ型 | N21: =IFERROR(VLOOKUP(H21,'舰船数据-深海'!$A:$C,3,FALSE),) -> 战列Λ级Ⅳ型 | O21: =IFERROR(VLOOKUP(I21,'舰船数据-深海'!$A:$C,3,FALSE),) -> 战列Λ级Ⅳ型 | P21: =IFERROR(VLOOKUP(J21,'舰船数据-深海'!$A:$C,3,FALSE),) -> 轻巡ei级Ⅳ型 | Q21: =IFERROR(VLOOKUP(K21,'舰船数据-深海'!$A:$C,3,FALSE),) -> 轻巡ei级Ⅳ型 | R21: =IFERROR(VLOOKUP(L21,'舰船数据-深海'!$A:$C,3,FALSE),) -> 轻巡ei级Ⅳ型
A22: 00212 | B22: O | C22: NormalBattle | D22: 3 | E22: 0 | F22: 1 | G22: 00088 | H22: 00068 | I22: 00068 | J22: 00034 | K22: 00034 | L22: 00096 | M22: =IFERROR(VLOOKUP(G22,'舰船数据-深海'!$A:$C,3,FALSE),) -> 战列Ψ级Ⅳ型 | N22: =IFERROR(VLOOKUP(H22,'舰船数据-深海'!$A:$C,3,FALSE),) -> 战巡Κ级Ⅳ型 | O22: =IFERROR(VLOOKUP(I22,'舰船数据-深海'!$A:$C,3,FALSE),) -> 战巡Κ级Ⅳ型 | P22: =IFERROR(VLOOKUP(J22,'舰船数据-深海'!$A:$C,3,FALSE),) -> 轻母Ξ级Ⅳ型 | Q22: =IFERROR(VLOOKUP(K22,'舰船数据-深海'!$A:$C,3,FALSE),) -> 轻母Ξ级Ⅳ型 | R22: =IFERROR(VLOOKUP(L22,'舰船数据-深海'!$A:$C,3,FALSE),) -> 轻巡ei级Ⅳ型
A23: 00213 | B23: R | C23: NormalBattle | D23: 5 | E23: 0 | F23: 4 | G23: 01047 | H23: 01048 | I23: 01050 | J23: 01051 | K23: 01052 | L23: 01054 | M23: =IFERROR(VLOOKUP(G23,'舰船数据-深海'!$A:$C,3,FALSE),) -> 111 | N23: =IFERROR(VLOOKUP(H23,'舰船数据-深海'!$A:$C,3,FALSE),) -> Yamato | O23: =IFERROR(VLOOKUP(I23,'舰船数据-深海'!$A:$C,3,FALSE),) -> Musashi | P23: =IFERROR(VLOOKUP(J23,'舰船数据-深海'!$A:$C,3,FALSE),) -> Cyou-Yamato | Q23: =IFERROR(VLOOKUP(K23,'舰船数据-深海'!$A:$C,3,FALSE),) -> Akagi&Kaga | R23: =IFERROR(VLOOKUP(L23,'舰船数据-深海'!$A:$C,3,FALSE),) -> 13 Class Battleship
A24: 00214 | B24: R | C24: NormalBattle | D24: 5 | E24: 0 | F24: 4 | G24: 01047 | H24: 01049 | I24: 01050 | J24: 01051 | K24: 01053 | L24: 01054 | M24: =IFERROR(VLOOKUP(G24,'舰船数据-深海'!$A:$C,3,FALSE),) -> 111 | N24: =IFERROR(VLOOKUP(H24,'舰船数据-深海'!$A:$C,3,FALSE),) -> Yamato | O24: =IFERROR(VLOOKUP(I24,'舰船数据-深海'!$A:$C,3,FALSE),) -> Musashi | P24: =IFERROR(VLOOKUP(J24,'舰船数据-深海'!$A:$C,3,FALSE),) -> Cyou-Yamato | Q24: =IFERROR(VLOOKUP(K24,'舰船数据-深海'!$A:$C,3,FALSE),) -> Akagi&Kaga | R24: =IFERROR(VLOOKUP(L24,'舰船数据-深海'!$A:$C,3,FALSE),) -> 13 Class Battleship
A25: 00215 | B25: R | C25: NormalBattle | D25: 5 | E25: 0 | F25: 4 | G25: 01047 | H25: 01049 | I25: 01050 | J25: 01051 | K25: 01053 | L25: 01054 | M25: =IFERROR(VLOOKUP(G25,'舰船数据-深海'!$A:$C,3,FALSE),) -> 111 | N25: =IFERROR(VLOOKUP(H25,'舰船数据-深海'!$A:$C,3,FALSE),) -> Yamato | O25: =IFERROR(VLOOKUP(I25,'舰船数据-深海'!$A:$C,3,FALSE),) -> Musashi | P25: =IFERROR(VLOOKUP(J25,'舰船数据-深海'!$A:$C,3,FALSE),) -> Cyou-Yamato | Q25: =IFERROR(VLOOKUP(K25,'舰船数据-深海'!$A:$C,3,FALSE),) -> Akagi&Kaga | R25: =IFERROR(VLOOKUP(L25,'舰船数据-深海'!$A:$C,3,FALSE),) -> 13 Class Battleship
